client_gender,client_birth_date,client_district_id,
F,1970-12-13,18
M,1945-02-04,1
F,1940-10-09,1
M,1956-12-01,5
F,1960-07-03,5
M,1919-09-22,12
M,1929-01-25,15
F,1938-02-21,51
M,1935-10-16,60
M,1943-05-01,57
F,1950-08-22,57
M,1981-02-20,40
F,1974-05-29,54
F,1942-06-22,76
F,1918-08-28,21
M,1919-02-25,21
M,1934-10-13,76
F,1931-04-05,76
M,1942-12-28,47
M,1979-01-04,46
F,1952-10-29,12
F,1969-10-11,1
M,1973-05-29,1
F,1939-07-29,43
F,1939-04-23,21
F,1969-04-20,74
F,1966-03-26,54
M,1945-09-29,1
F,1951-09-11,30
F,1957-10-09,74
M,1962-02-09,68
M,1980-07-28,52
F,1948-12-04,73
F,1978-07-17,7
M,1970-08-10,7
F,1973-07-23,36
M,1968-01-25,68
F,1957-01-22,5
M,1968-08-27,22
M,1935-08-17,68
M,1920-10-28,75
F,1977-01-11,38
M,1952-08-26,20
F,1940-01-30,19
M,1934-07-14,76
M,1940-02-09,16
F,1959-05-11,72
F,1978-07-30,39
F,1979-12-02,36
M,1924-12-12,32
M,1977-05-05,64
F,1948-09-18,45
M,1960-03-31,21
F,1961-12-17,21
F,1927-04-29,1
M,1957-02-18,1
M,1980-02-19,67
F,1948-08-06,16
M,1932-12-08,77
M,1959-06-04,4
M,1926-04-22,20
F,1943-05-27,50
F,1951-11-10,1
F,1932-11-11,29
M,1946-12-14,43
M,1925-12-22,70
F,1927-02-06,70
M,1923-01-13,47
M,1924-02-20,22
F,1925-07-26,22
F,1977-09-19,64
F,1967-10-01,36
F,1956-02-18,1
F,1944-06-13,16
F,1969-03-10,37
F,1979-02-25,64
M,1976-04-29,8
F,1979-12-25,8
F,1978-12-25,1
M,1979-05-05,1
M,1961-08-27,1
F,1969-07-20,1
F,1946-11-17,72
F,1951-05-05,1
M,1975-08-17,52
M,1940-08-07,63
F,1966-06-12,74
M,1925-02-16,3
M,1947-09-09,43
F,1952-08-03,43
M,1972-02-29,74
M,1965-11-28,26
F,1973-05-04,33
M,1973-01-26,33
F,1942-08-11,44
M,1943-01-23,68
F,1958-09-10,74
M,1955-07-11,74
M,1980-05-26,31
F,1968-12-30,68
M,1972-06-23,1
M,1963-09-13,17
F,1967-04-13,2
M,1935-01-25,1
F,1940-08-15,1
F,1969-06-24,74
M,1969-12-24,74
M,1942-01-28,74
F,1936-09-20,74
M,1922-07-19,55
F,1922-02-28,55
M,1976-05-10,1
F,1978-10-29,41
F,1963-11-13,35
M,1969-02-12,11
M,1967-09-21,44
M,1936-10-31,37
F,1929-09-27,37
F,1950-12-27,21
F,1973-04-04,63
F,1947-05-31,64
M,1942-02-14,53
F,1977-01-31,53
M,1953-01-26,36
M,1932-01-18,6
F,1938-09-10,6
F,1921-01-26,55
M,1923-09-14,60
F,1972-10-21,54
F,1959-07-25,8
M,1961-06-06,8
M,1925-11-02,31
M,1937-06-21,68
M,1978-07-09,27
M,1958-12-06,65
M,1978-02-14,55
F,1961-12-19,31
F,1933-11-02,21
M,1940-12-25,21
M,1948-06-27,55
F,1980-09-27,2
F,1971-09-23,51
F,1945-12-02,29
F,1981-02-12,13
M,1933-08-27,74
F,1939-03-13,74
F,1930-07-22,54
F,1943-07-09,52
F,1945-07-03,40
M,1938-09-10,40
F,1942-04-26,64
F,1943-10-07,34
M,1941-10-17,65
M,1933-06-12,74
F,1962-04-04,70
M,1968-11-08,22
F,1961-10-22,22
F,1978-04-18,38
F,1976-11-05,24
M,1953-09-12,38
F,1946-06-16,38
M,1929-06-25,51
F,1935-10-05,51
F,1918-12-08,21
M,1978-11-10,10
M,1960-07-13,31
M,1929-03-11,4
M,1960-12-22,8
M,1980-12-29,43
M,1982-01-19,73
M,1967-07-06,76
F,1959-07-13,76
F,1978-03-19,1
M,1972-06-05,1
M,1954-05-30,77
F,1961-02-22,46
M,1942-08-23,58
M,1960-09-02,64
M,1919-08-10,11
F,1947-10-31,37
M,1954-09-03,37
M,1971-02-28,70
M,1962-05-01,1
F,1924-12-20,28
M,1919-11-18,74
F,1927-06-25,74
M,1933-04-25,30
M,1976-07-14,60
M,1923-06-21,29
F,1928-01-13,29
F,1930-08-19,17
F,1976-11-21,29
M,1962-06-10,31
F,1967-06-17,31
F,1942-06-15,4
F,1963-04-13,59
M,1932-05-20,46
F,1940-06-25,13
M,1935-08-20,13
M,1939-11-30,66
F,1945-06-28,66
M,1975-02-10,52
M,1967-09-24,71
M,1960-01-30,1
F,1974-12-22,59
F,1980-01-23,1
F,1964-04-02,60
F,1977-02-25,21
F,1972-06-29,47
F,1952-02-27,43
M,1955-05-11,77
M,1936-05-10,32
M,1942-06-16,1
F,1926-12-18,52
F,1956-03-16,48
M,1969-07-22,76
F,1967-03-10,74
M,1941-02-18,41
F,1921-06-17,55
F,1958-12-03,69
M,1955-06-21,69
F,1943-08-28,44
M,1961-09-01,70
F,1969-02-22,70
F,1961-11-28,6
F,1974-09-10,1
F,1929-06-17,34
M,1959-01-23,70
F,1961-08-01,17
M,1954-02-10,63
F,1970-12-28,67
M,1957-05-08,1
F,1969-12-12,61
M,1970-05-05,61
F,1979-11-25,8
F,1976-03-03,54
F,1969-09-01,37
F,1947-05-12,48
M,1963-05-30,28
F,1951-10-11,27
F,1963-02-27,73
F,1942-11-04,22
M,1937-05-31,22
M,1966-06-08,31
F,1962-02-24,31
F,1937-12-07,38
M,1945-11-25,77
M,1962-05-20,68
M,1978-08-22,28
F,1933-01-07,72
F,1967-08-28,19
M,1967-06-12,37
F,1982-05-02,39
F,1923-12-03,15
M,1947-03-08,46
F,1945-07-27,46
F,1944-10-25,70
F,1972-05-15,27
F,1970-11-25,17
F,1918-11-12,1
M,1957-06-11,1
F,1961-11-28,1
F,1972-12-27,22
M,1970-05-16,22
F,1969-12-18,45
F,1938-02-24,73
M,1933-11-04,73
M,1974-08-06,10
M,1954-06-03,72
F,1952-04-18,72
M,1980-09-09,50
M,1962-04-21,6
M,1958-03-27,54
M,1959-01-12,72
F,1955-04-27,72
F,1958-09-06,15
M,1943-09-27,69
M,1968-03-21,58
M,1939-03-27,12
M,1974-03-01,65
F,1924-03-15,65
M,1921-06-13,65
F,1957-07-30,1
M,1942-01-10,28
M,1971-02-23,56
M,1946-05-06,74
F,1934-03-11,19
M,1938-06-08,46
F,1976-06-12,68
F,1969-12-14,37
M,1950-04-16,11
F,1930-09-16,64
M,1924-07-03,2
F,1942-05-11,24
M,1945-03-22,24
M,1967-05-01,54
M,1955-04-28,75
F,1957-10-06,64
F,1943-04-02,15
F,1929-04-04,19
M,1934-11-12,19
F,1943-10-24,47
M,1933-02-01,38
F,1938-04-04,38
M,1960-12-03,3
M,1960-02-21,3
F,1967-09-18,27
M,1968-10-13,27
F,1918-01-24,1
M,1964-12-03,11
F,1944-08-05,65
M,1942-03-02,1
M,1978-07-25,29
M,1971-10-19,38
M,1969-10-31,32
F,1967-07-22,73
F,1964-02-11,39
M,1957-05-08,39
F,1951-06-19,8
M,1966-07-30,1
F,1970-08-19,1
M,1977-03-16,69
F,1972-06-30,69
M,1919-11-19,44
F,1963-07-16,54
M,1953-12-07,17
F,1960-11-02,17
M,1959-12-13,71
F,1953-01-24,71
F,1927-05-27,39
F,1925-04-02,25
M,1973-05-01,1
M,1940-08-27,56
M,1965-10-26,7
F,1922-04-27,49
M,1930-05-31,49
F,1979-12-07,1
M,1979-03-30,1
F,1959-06-26,7
M,1970-02-16,66
M,1943-04-27,49
F,1977-05-25,74
F,1950-04-27,35
M,1942-07-01,35
F,1942-12-05,54
M,1930-01-09,1
F,1936-11-10,1
F,1963-09-03,60
M,1968-10-14,60
F,1930-11-06,7
F,1956-01-05,71
M,1942-07-16,4
M,1932-04-03,34
M,1936-02-28,16
M,1967-06-14,26
F,1969-09-29,61
F,1973-01-08,14
M,1978-05-15,50
F,1983-10-13,50
M,1973-01-19,41
F,1977-01-26,73
M,1978-06-30,73
F,1939-05-17,15
M,1935-10-08,15
M,1948-03-24,45
M,1980-08-21,62
M,1927-06-06,76
F,1950-10-30,36
F,1974-06-30,47
F,1977-01-27,47
F,1933-05-22,47
F,1950-04-01,74
M,1956-08-31,74
F,1924-05-18,52
M,1919-07-05,52
M,1920-05-02,1
M,1930-03-27,75
F,1925-03-26,61
M,1952-04-14,45
M,1933-12-27,1
F,1928-11-19,1
M,1943-12-25,3
F,1973-05-26,42
M,1967-04-20,42
F,1934-10-19,65
M,1977-05-15,36
F,1975-05-27,73
F,1978-02-22,35
M,1925-06-18,74
M,1962-12-20,62
F,1941-04-14,17
M,1944-04-17,17
F,1972-11-18,49
F,1947-10-19,46
M,1945-04-01,46
F,1932-10-07,1
M,1930-06-10,1
M,1966-10-13,28
F,1970-10-07,64
M,1978-03-13,18
M,1965-07-31,54
M,1946-12-07,69
M,1957-06-23,37
M,1947-10-08,1
M,1948-02-12,25
M,1937-06-01,72
F,1941-09-14,72
F,1919-11-16,47
F,1981-01-20,50
M,1920-07-28,39
F,1927-10-01,24
F,1952-03-26,59
M,1955-02-07,62
F,1943-01-30,70
M,1967-10-23,20
M,1955-06-15,2
F,1920-01-17,11
M,1938-09-28,32
F,1968-09-12,51
F,1970-07-07,15
M,1959-09-14,1
F,1971-12-16,1
M,1971-12-20,1
F,1960-08-01,74
F,1947-04-27,1
M,1952-03-19,1
M,1946-09-04,23
F,1970-08-15,77
M,1953-11-27,25
M,1979-04-14,12
F,1953-10-22,55
M,1969-07-16,67
F,1949-06-15,38
M,1920-07-26,68
M,1940-02-28,25
M,1950-09-26,70
M,1961-07-24,68
F,1967-07-23,32
F,1970-08-13,68
M,1970-12-21,14
M,1944-04-05,38
F,1959-07-30,24
M,1952-09-01,5
F,1947-11-19,1
M,1950-04-17,1
M,1959-04-27,72
F,1970-10-13,59
F,1954-04-21,30
M,1977-01-11,44
M,1981-12-27,36
F,1939-09-25,1
M,1949-05-31,46
F,1947-06-01,1
M,1954-07-20,1
M,1978-06-21,21
M,1947-08-20,11
F,1946-01-24,11
M,1927-01-22,69
F,1934-01-22,69
M,1944-06-19,1
F,1959-09-13,28
M,1978-05-16,32
M,1944-04-12,68
F,1922-04-01,1
M,1917-08-02,1
M,1940-10-07,41
M,1950-10-23,55
M,1966-08-05,63
M,1935-10-26,72
F,1942-06-04,41
M,1980-05-19,1
F,1937-04-07,49
F,1951-05-21,70
M,1953-02-02,74
F,1948-01-15,74
F,1935-07-08,18
M,1971-01-06,1
M,1937-10-28,62
M,1919-12-08,6
M,1959-07-24,73
M,1979-08-01,36
M,1977-12-21,13
M,1946-08-16,75
M,1954-11-16,75
M,1971-04-28,53
M,1980-05-02,73
M,1976-04-15,12
M,1959-02-18,9
F,1965-08-03,60
F,1974-01-11,8
M,1968-11-15,8
M,1932-05-26,1
F,1930-04-27,1
M,1965-07-25,63
F,1979-04-28,54
M,1980-04-13,18
F,1947-09-27,46
M,1975-12-25,69
F,1956-03-04,1
M,1922-12-17,38
F,1963-01-02,30
M,1969-08-14,30
M,1964-02-01,43
F,1966-08-18,43
M,1977-02-11,37
M,1978-11-05,69
F,1957-09-27,29
M,1976-10-04,27
F,1980-09-03,27
F,1941-05-19,54
M,1957-07-22,74
M,1937-09-09,26
M,1939-08-25,47
M,1935-01-16,1
F,1948-05-10,5
M,1921-07-28,19
F,1927-03-09,19
F,1921-02-09,59
F,1958-04-15,11
M,1948-11-16,63
F,1973-10-11,75
M,1953-08-25,7
M,1949-03-31,54
M,1937-12-04,49
M,1961-11-30,7
F,1976-07-05,47
F,1934-05-08,1
M,1941-04-07,1
F,1925-04-19,30
M,1926-10-21,30
M,1946-07-08,29
M,1939-07-17,51
F,1920-07-05,43
F,1972-09-05,32
F,1967-12-16,71
F,1962-11-10,74
F,1975-09-22,49
F,1961-09-09,72
M,1955-01-24,72
F,1959-07-03,64
F,1946-03-05,47
M,1950-05-02,47
F,1960-07-19,8
M,1962-06-15,73
F,1941-01-31,61
M,1924-09-27,3
F,1920-08-04,3
M,1967-08-10,69
M,1972-12-25,1
M,1970-04-04,58
F,1974-05-12,58
F,1963-12-05,1
F,1977-07-07,23
F,1933-05-31,72
F,1949-02-04,70
M,1950-09-26,1
F,1965-01-01,75
F,1976-05-13,33
F,1942-02-21,40
M,1947-11-03,40
F,1945-07-08,25
F,1960-10-20,61
M,1961-09-17,45
M,1949-02-15,44
F,1974-10-29,65
M,1965-07-18,26
F,1954-07-10,60
M,1948-10-24,69
M,1943-02-22,55
M,1970-12-31,1
F,1977-05-18,1
M,1966-03-12,56
F,1965-01-16,56
F,1966-03-09,13
F,1965-07-31,1
F,1970-08-27,1
F,1949-01-25,10
M,1964-03-30,64
M,1972-08-31,67
M,1962-09-02,52
F,1979-08-10,74
M,1952-10-13,36
F,1960-11-10,36
F,1977-08-10,1
F,1947-02-03,14
F,1949-09-13,68
M,1975-01-01,58
M,1974-03-14,70
F,1932-03-16,57
M,1920-09-07,6
F,1918-02-13,6
M,1939-03-17,54
F,1931-11-23,74
M,1925-09-04,24
F,1932-07-26,24
F,1978-11-24,60
M,1980-04-13,9
M,1972-04-11,17
F,1970-05-27,17
M,1976-03-10,16
M,1952-03-03,61
F,1956-03-22,70
M,1946-03-16,67
F,1938-06-12,67
F,1927-06-29,17
M,1935-02-17,17
F,1970-12-15,39
F,1961-02-03,54
M,1978-08-02,31
M,1979-04-15,26
F,1962-07-04,40
M,1963-10-25,40
F,1949-06-13,1
F,1961-04-23,35
M,1925-12-21,14
F,1922-09-29,34
M,1929-04-06,34
F,1935-09-28,70
F,1978-05-02,13
F,1976-01-27,54
M,1938-12-08,61
F,1930-11-21,1
F,1942-05-17,64
M,1942-12-10,32
M,1956-06-06,1
F,1926-07-10,8
M,1926-12-21,8
M,1965-12-07,24
M,1923-03-22,16
F,1919-01-15,16
M,1945-08-07,5
M,1923-01-20,24
F,1980-03-19,77
F,1932-04-05,62
M,1982-05-23,26
F,1981-07-20,26
F,1942-12-25,1
F,1956-12-19,12
M,1959-01-21,1
F,1971-02-27,10
F,1929-11-09,46
M,1939-10-29,36
F,1927-01-11,11
M,1975-11-12,50
M,1953-02-07,70
M,1963-05-24,5
F,1933-05-28,39
M,1940-03-19,8
F,1940-05-09,8
M,1977-01-15,15
M,1979-10-21,18
F,1945-08-29,76
F,1976-04-10,3
F,1930-12-13,72
F,1971-10-03,32
M,1975-01-28,32
M,1954-05-04,1
M,1964-08-02,70
M,1942-11-07,38
F,1944-01-13,38
F,1936-01-11,74
M,1935-03-17,74
M,1936-02-28,29
M,1955-06-27,28
F,1952-12-01,28
M,1974-05-01,1
M,1954-02-27,75
F,1922-04-22,26
M,1929-11-20,12
F,1968-11-07,31
M,1959-04-26,4
M,1975-05-01,54
M,1938-12-10,19
M,1948-08-05,1
M,1941-12-14,1
F,1977-11-27,50
M,1934-12-29,1
M,1925-11-28,23
F,1963-08-16,48
M,1962-12-04,54
F,1980-03-29,20
M,1970-10-08,31
F,1952-01-15,1
F,1954-12-04,1
M,1968-05-02,54
F,1960-02-28,54
M,1974-08-09,46
M,1954-09-06,29
M,1940-02-15,43
F,1970-11-25,62
F,1957-07-26,12
F,1953-02-02,65
M,1956-12-11,75
M,1935-02-13,16
F,1930-07-20,32
M,1932-01-20,32
F,1969-03-17,63
M,1973-08-14,63
F,1979-01-22,74
M,1978-07-05,74
M,1978-07-28,46
F,1985-01-14,46
M,1973-11-26,1
F,1977-04-26,1
M,1952-11-04,74
M,1920-03-26,25
M,1942-04-16,72
M,1923-11-07,55
M,1941-07-09,74
F,1951-10-15,1
M,1941-02-17,1
M,1940-07-18,26
F,1966-02-14,52
M,1962-04-16,52
F,1953-08-20,24
M,1936-10-15,25
F,1933-07-29,25
F,1956-09-29,70
M,1959-03-09,70
M,1944-12-20,72
F,1940-09-24,72
F,1947-06-04,63
M,1947-11-21,72
M,1920-05-13,31
F,1970-12-20,71
F,1961-07-26,68
M,1955-05-20,29
F,1936-08-25,57
M,1937-04-20,21
F,1927-08-24,75
F,1955-10-13,49
M,1969-12-31,65
F,1926-07-03,1
M,1923-06-16,1
F,1931-09-23,32
M,1977-12-15,40
M,1944-12-10,64
M,1935-10-30,4
M,1973-03-03,70
F,1940-11-30,51
F,1953-05-03,1
M,1961-05-20,1
M,1940-06-04,13
F,1944-06-12,69
M,1924-02-26,3
M,1945-09-20,72
F,1963-03-18,5
F,1971-03-25,27
M,1964-12-28,27
M,1934-09-09,63
M,1978-09-06,53
M,1947-12-08,3
M,1974-09-03,47
M,1931-09-21,4
F,1967-05-09,63
F,1950-09-29,68
M,1978-02-04,21
F,1979-07-16,21
M,1919-08-30,1
M,1948-01-27,8
F,1940-02-12,27
M,1936-02-19,27
M,1951-02-15,35
F,1956-01-23,35
M,1980-04-22,60
F,1969-10-21,53
M,1963-11-28,31
M,1919-10-15,49
F,1945-09-24,58
M,1940-05-28,58
M,1940-12-06,39
M,1964-01-29,70
M,1959-10-01,19
F,1964-10-27,22
F,1958-02-01,17
M,1966-04-27,54
M,1958-07-08,74
F,1960-11-06,74
M,1948-05-12,49
F,1959-05-08,37
M,1956-10-24,41
M,1952-09-05,27
M,1977-04-02,74
M,1978-01-23,1
F,1965-09-04,10
M,1958-12-10,10
M,1957-05-19,24
M,1948-08-27,69
M,1948-05-02,2
F,1923-12-23,67
M,1960-06-11,5
M,1922-12-17,54
F,1943-10-20,28
M,1948-06-14,28
M,1974-10-14,71
F,1968-02-04,71
F,1955-05-18,47
M,1937-04-26,20
M,1981-02-10,69
F,1933-07-03,12
F,1957-09-03,54
M,1945-01-14,22
F,1953-01-30,22
M,1949-12-01,35
M,1979-12-25,49
F,1939-06-06,26
M,1969-09-21,19
M,1919-06-16,25
F,1916-06-04,25
M,1949-06-02,70
F,1941-11-02,72
M,1930-01-28,58
M,1919-01-22,23
M,1948-02-21,32
F,1959-03-29,47
F,1968-07-29,1
M,1967-12-08,1
F,1956-09-13,1
M,1952-01-05,30
F,1968-11-29,54
M,1953-03-27,11
F,1946-11-03,11
F,1975-11-24,38
M,1957-05-06,70
M,1974-03-11,76
M,1963-02-22,35
M,1944-01-05,60
F,1952-09-05,14
M,1956-12-07,14
M,1960-11-25,1
F,1927-01-21,5
M,1920-04-17,5
F,1943-12-08,38
M,1960-02-17,49
F,1975-02-22,5
F,1933-09-09,70
F,1920-01-06,75
M,1918-10-14,75
M,1923-02-08,34
M,1948-02-02,34
F,1973-11-28,66
M,1973-10-26,28
F,1981-10-24,54
M,1919-03-30,77
M,1931-01-31,33
F,1922-05-24,42
F,1935-10-23,43
M,1934-08-18,75
M,1970-07-03,39
F,1973-04-24,36
M,1981-03-25,36
F,1943-04-27,38
M,1944-02-13,38
M,1977-04-10,73
M,1919-12-21,39
M,1950-08-15,23
M,1934-03-06,31
M,1932-02-08,1
M,1940-10-23,38
M,1978-06-16,65
M,1948-03-11,51
F,1961-03-07,51
M,1975-09-07,23
M,1961-09-27,1
M,1939-11-28,43
M,1920-10-29,76
M,1938-11-18,1
F,1921-01-19,1
M,1975-05-03,12
M,1958-06-29,3
F,1973-09-16,25
M,1964-12-23,26
F,1954-02-13,7
F,1972-08-16,22
M,1978-08-22,22
M,1953-07-12,1
M,1959-08-13,54
M,1981-01-22,1
M,1974-10-26,1
F,1951-10-10,66
M,1935-04-23,30
F,1959-08-25,68
M,1968-06-07,16
M,1947-09-27,3
F,1978-03-11,33
M,1982-08-19,33
F,1946-05-17,42
M,1943-07-30,42
M,1931-11-14,1
F,1944-08-07,59
M,1952-08-03,21
M,1960-08-11,53
M,1935-10-05,10
F,1931-09-02,12
M,1936-09-26,12
M,1970-12-18,39
F,1977-01-10,39
M,1951-08-06,54
M,1924-04-22,49
M,1976-07-27,3
F,1965-04-12,76
M,1960-09-17,76
F,1951-05-01,63
M,1937-10-17,25
F,1942-10-20,1
M,1970-01-28,57
M,1966-10-21,1
F,1941-12-23,56
M,1942-05-04,56
F,1962-09-12,11
F,1957-04-13,16
F,1931-10-04,15
M,1966-02-19,19
F,1966-12-17,64
F,1953-10-21,10
F,1972-12-01,13
M,1978-09-02,13
M,1979-06-20,76
M,1957-02-17,69
M,1957-03-29,36
F,1919-01-01,46
M,1917-05-06,46
F,1970-10-06,14
M,1963-06-24,14
F,1959-07-12,1
F,1955-11-19,16
F,1926-05-10,76
F,1968-06-09,56
M,1966-11-18,56
M,1961-09-30,40
M,1960-06-28,5
M,1949-07-03,20
F,1947-01-13,20
M,1955-05-16,74
M,1952-05-20,60
F,1939-10-01,40
M,1933-08-15,40
M,1961-12-24,71
M,1941-06-27,32
M,1948-05-21,19
F,1969-10-31,44
M,1971-04-27,36
F,1973-10-30,36
F,1980-06-26,1
M,1950-11-11,59
F,1953-06-28,59
F,1966-09-01,74
M,1961-10-27,74
M,1947-04-14,44
F,1944-03-08,42
F,1937-10-31,31
M,1957-09-25,3
F,1942-06-28,46
M,1938-01-05,46
M,1956-07-06,6
F,1962-04-27,33
M,1955-08-16,33
M,1939-07-13,16
F,1966-02-13,70
M,1973-03-12,70
M,1931-02-08,1
M,1934-03-13,62
F,1940-07-21,62
F,1943-02-12,6
M,1945-02-28,53
F,1946-12-22,14
F,1977-05-10,72
M,1977-08-05,2
M,1940-07-23,31
M,1938-12-28,1
M,1956-03-29,25
M,1964-07-08,15
M,1979-08-12,57
F,1940-11-04,1
M,1934-10-02,1
F,1954-03-16,1
M,1947-10-11,1
F,1968-12-11,2
F,1938-10-30,1
M,1937-10-14,1
F,1974-11-11,52
F,1971-03-28,13
M,1976-12-06,13
F,1965-11-01,1
F,1961-09-23,69
F,1980-10-11,70
M,1960-06-17,1
M,1961-07-05,72
F,1966-09-25,17
M,1963-11-16,17
F,1971-09-13,9
F,1947-12-24,60
M,1975-08-24,1
F,1963-07-11,16
F,1974-10-03,70
M,1942-11-11,1
F,1971-07-01,27
F,1971-08-26,73
M,1964-03-11,56
F,1958-06-03,56
M,1924-08-20,63
M,1919-05-17,4
M,1963-06-19,1
M,1939-02-21,52
F,1975-08-01,9
M,1960-06-03,26
F,1957-12-17,26
M,1975-01-08,16
F,1976-06-12,16
F,1951-02-03,1
M,1957-11-26,2
M,1940-10-18,1
M,1952-05-14,1
F,1926-10-20,13
F,1938-02-21,54
M,1938-12-02,54
M,1925-01-25,43
F,1966-12-08,60
M,1924-04-10,34
F,1928-08-25,34
F,1934-06-04,65
F,1979-05-11,53
M,1920-06-23,46
F,1978-12-15,24
M,1961-07-15,3
F,1950-10-06,54
M,1970-12-16,71
M,1967-02-23,9
M,1937-12-15,48
F,1944-04-09,48
F,1932-12-19,60
M,1973-05-04,74
F,1978-07-30,74
F,1969-08-23,47
M,1939-12-09,1
F,1939-06-20,35
F,1940-06-27,59
F,1962-07-20,41
F,1976-07-28,62
F,1960-10-04,30
M,1954-02-16,30
F,1926-03-03,1
M,1930-09-02,1
F,1948-09-10,60
F,1979-11-21,65
M,1951-07-04,59
M,1946-06-22,74
M,1935-01-29,72
M,1951-08-18,1
F,1955-02-09,1
M,1942-01-03,56
F,1940-02-25,56
M,1961-04-26,60
F,1955-12-22,62
F,1931-09-01,58
F,1928-03-24,10
M,1979-06-04,61
F,1930-07-25,13
M,1976-08-20,11
M,1980-06-18,59
F,1920-08-24,36
F,1973-04-19,69
F,1976-11-01,20
M,1969-11-03,20
F,1980-01-05,54
F,1973-10-21,41
M,1939-03-02,59
M,1921-02-18,20
F,1922-08-26,20
M,1928-04-12,21
F,1934-03-30,9
M,1935-10-23,9
M,1974-11-12,23
M,1930-07-16,7
M,1931-09-24,43
F,1940-11-26,70
F,1947-10-28,55
M,1948-03-21,55
F,1958-09-15,37
M,1959-10-01,37
M,1952-07-21,8
F,1976-09-18,9
F,1977-03-05,1
F,1970-09-30,70
M,1973-09-22,70
M,1946-02-24,18
F,1941-04-22,21
F,1946-11-19,59
M,1946-05-15,59
F,1968-09-14,58
M,1965-11-14,54
M,1930-05-12,3
M,1941-05-15,41
F,1976-09-25,14
F,1945-06-24,74
M,1973-03-06,59
M,1981-03-12,74
F,1980-11-15,70
M,1924-01-31,72
F,1922-07-10,72
F,1933-11-11,1
F,1958-12-30,4
F,1954-08-21,1
M,1944-02-03,64
F,1938-07-28,64
M,1973-05-25,7
F,1975-02-19,26
M,1964-08-28,20
F,1959-09-14,15
F,1942-10-02,15
M,1959-06-27,74
F,1954-03-17,74
M,1978-05-31,19
F,1941-01-24,18
M,1977-04-28,12
F,1974-03-28,46
F,1923-06-13,54
M,1922-06-02,54
F,1970-03-13,29
M,1925-10-25,1
F,1918-08-31,1
F,1939-06-21,77
F,1971-10-04,1
F,1930-10-05,1
M,1944-10-06,21
M,1939-11-12,1
F,1946-10-16,66
M,1942-11-29,54
F,1947-08-05,2
F,1961-09-06,32
M,1968-09-19,32
F,1932-02-15,74
F,1976-04-12,15
M,1977-06-02,15
F,1925-01-01,10
M,1926-01-29,19
F,1939-06-14,17
F,1939-01-22,39
M,1943-04-16,22
F,1966-10-02,6
F,1975-02-17,72
F,1976-10-24,64
F,1931-11-17,47
M,1945-09-10,54
F,1980-10-11,47
F,1974-11-09,77
M,1957-06-21,50
F,1939-09-17,28
F,1975-09-01,70
F,1957-04-09,36
M,1961-10-12,6
M,1978-07-14,1
F,1927-09-19,13
M,1966-04-28,1
M,1940-11-15,61
M,1944-05-06,45
F,1945-06-12,65
M,1937-04-17,59
M,1980-05-27,74
M,1944-07-31,1
F,1953-12-16,40
F,1973-05-18,14
F,1939-11-30,7
F,1955-08-13,14
M,1938-05-12,56
M,1946-08-21,42
F,1951-04-14,33
M,1955-10-02,33
F,1949-08-28,21
M,1971-02-02,19
F,1965-09-27,20
M,1959-04-13,20
M,1942-10-22,68
M,1975-01-15,23
F,1979-07-12,23
F,1967-04-28,26
M,1923-11-07,57
M,1935-09-01,74
F,1976-09-09,11
F,1976-08-24,32
F,1942-12-17,73
F,1944-08-21,73
F,1974-10-05,11
M,1964-05-02,1
M,1979-08-13,64
M,1962-11-19,70
F,1969-10-09,70
M,1971-06-24,19
F,1952-08-01,43
M,1959-05-30,1
F,1953-08-19,1
F,1967-08-28,14
F,1939-08-31,3
F,1966-08-07,1
F,1955-11-13,46
F,1928-09-01,35
M,1924-09-20,35
M,1966-09-29,18
F,1945-01-03,57
M,1951-09-28,57
M,1952-04-03,35
F,1959-02-25,35
F,1976-10-03,61
F,1958-12-21,57
F,1952-11-24,71
F,1954-02-11,29
M,1949-03-30,29
F,1948-12-31,1
M,1930-05-16,13
M,1935-11-29,47
M,1944-04-15,8
M,1978-06-15,6
M,1976-01-25,44
F,1951-10-10,1
F,1942-04-26,68
M,1931-04-07,70
M,1978-09-12,72
M,1956-07-11,16
M,1952-05-08,34
F,1949-12-28,34
M,1936-11-27,52
F,1939-02-09,66
M,1943-08-04,66
M,1939-11-26,62
F,1950-03-13,52
F,1944-08-09,65
M,1972-05-20,73
M,1946-09-18,59
M,1976-01-29,35
F,1964-04-18,1
M,1977-04-28,14
M,1927-01-29,1
F,1930-05-29,1
F,1944-02-09,74
F,1959-08-01,55
F,1918-01-28,64
M,1921-03-15,64
F,1920-10-16,2
M,1979-10-27,45
F,1940-08-16,42
M,1936-07-28,37
F,1945-04-28,55
F,1922-10-08,32
M,1953-04-08,74
M,1954-02-18,69
M,1975-06-17,1
F,1977-09-24,41
F,1956-12-18,54
F,1935-04-03,35
M,1970-11-20,54
F,1975-06-09,54
M,1923-02-26,34
F,1946-11-13,67
M,1945-05-18,67
M,1931-03-10,47
F,1977-11-09,35
F,1945-09-22,4
M,1944-01-06,70
F,1956-08-07,66
M,1945-09-19,39
F,1956-05-12,55
F,1963-12-31,20
F,1937-06-05,42
M,1918-02-16,26
M,1968-09-17,66
M,1963-11-24,54
F,1957-11-27,5
M,1949-04-20,48
M,1978-02-06,8
F,1961-01-25,1
M,1962-11-04,1
F,1979-03-29,56
M,1983-07-26,56
M,1959-05-04,22
F,1939-03-20,68
F,1962-06-17,69
F,1939-08-16,1
M,1935-02-18,1
M,1968-05-22,32
M,1954-08-29,13
M,1970-03-06,13
F,1975-06-07,13
F,1968-01-07,26
M,1959-04-28,1
F,1951-09-24,1
F,1971-04-01,54
M,1959-02-13,27
M,1921-01-14,64
F,1976-02-01,35
M,1932-09-18,1
F,1951-09-04,1
M,1946-08-19,1
F,1922-09-29,1
M,1929-01-03,1
F,1979-12-27,6
M,1933-12-28,1
F,1938-02-23,1
F,1980-03-02,12
F,1965-10-27,60
M,1957-12-30,60
M,1978-10-23,41
F,1965-01-11,34
F,1948-10-22,49
F,1976-12-07,28
F,1975-02-08,74
M,1977-01-27,69
M,1958-09-03,18
F,1951-07-23,18
F,1941-11-25,74
M,1937-02-18,74
F,1953-07-29,44
F,1979-11-23,18
M,1982-10-05,29
F,1953-04-24,40
M,1953-08-30,22
F,1956-08-09,22
F,1977-02-22,1
F,1962-09-06,5
F,1927-03-04,43
F,1979-05-27,59
M,1965-11-22,41
M,1932-02-06,50
F,1934-05-01,50
F,1942-08-22,49
M,1941-10-18,49
F,1946-03-14,39
F,1921-12-25,66
M,1981-07-24,35
M,1936-11-25,44
F,1944-01-02,44
F,1968-12-20,11
F,1948-11-12,29
M,1941-08-04,29
M,1969-08-07,49
M,1951-04-30,25
M,1944-02-03,18
F,1939-08-06,18
M,1979-11-05,6
F,1969-07-16,11
F,1974-11-13,70
M,1927-12-02,19
F,1966-11-12,27
F,1974-06-16,41
F,1918-01-25,74
M,1916-01-20,74
F,1956-02-10,20
F,1976-02-23,69
M,1982-04-11,69
M,1952-01-05,8
M,1968-08-27,12
F,1964-04-30,12
F,1965-12-16,14
M,1920-04-23,12
F,1927-09-04,12
F,1982-05-29,64
F,1930-11-08,55
F,1961-08-17,16
F,1959-07-10,72
M,1967-03-25,72
M,1953-06-25,52
F,1963-10-25,29
M,1974-09-10,29
M,1978-01-17,1
F,1931-12-05,42
M,1933-04-18,42
M,1935-01-25,29
F,1942-07-14,29
M,1941-07-24,68
M,1954-07-29,70
F,1952-06-21,70
F,1957-10-09,50
M,1949-06-29,41
F,1969-03-17,61
F,1940-05-28,72
F,1966-03-29,29
M,1925-10-03,73
F,1927-09-02,73
M,1928-04-24,70
F,1934-10-12,70
M,1938-04-08,67
M,1976-09-08,4
F,1933-03-13,23
M,1969-12-21,28
M,1941-03-02,49
F,1936-01-26,70
F,1928-04-01,36
M,1931-01-06,36
M,1953-08-22,39
M,1924-09-30,65
F,1940-04-16,77
F,1966-09-14,54
M,1942-05-04,1
F,1938-09-15,1
F,1967-09-10,1
F,1931-12-06,1
F,1971-12-15,45
M,1932-03-31,19
M,1970-11-30,70
M,1969-08-21,4
M,1956-06-22,1
M,1943-05-28,69
F,1933-11-23,62
F,1950-03-28,46
F,1951-05-10,1
M,1952-06-18,1
M,1978-05-14,7
F,1974-09-13,7
F,1976-08-27,48
M,1961-01-09,31
M,1928-01-24,6
M,1928-04-20,42
M,1982-04-21,19
F,1968-05-09,9
M,1922-12-29,1
F,1915-03-22,1
F,1931-02-10,1
F,1942-06-08,1
F,1948-08-03,53
M,1941-02-09,53
F,1951-11-29,74
M,1981-12-12,1
M,1946-01-22,68
M,1973-01-24,68
M,1922-09-01,58
F,1918-01-16,58
F,1971-06-25,65
M,1931-06-25,22
F,1929-11-22,22
F,1954-06-30,67
F,1942-04-19,62
F,1948-01-30,34
F,1962-03-06,13
F,1942-08-11,5
M,1959-08-21,74
M,1957-08-02,68
F,1946-10-17,38
M,1956-10-02,66
F,1960-07-28,3
M,1959-07-06,3
M,1956-11-05,72
M,1979-10-10,5
F,1968-05-14,52
F,1931-08-30,29
F,1962-01-13,30
M,1943-03-09,1
F,1935-03-15,1
M,1934-12-18,49
M,1964-03-20,57
F,1972-06-20,43
F,1945-08-06,74
F,1960-06-28,52
M,1962-10-30,52
M,1960-12-22,55
F,1952-12-22,17
M,1936-10-28,40
F,1967-10-13,37
M,1979-12-07,54
M,1923-11-19,32
M,1937-11-07,36
F,1933-03-06,36
M,1919-12-08,31
F,1927-06-02,31
M,1930-04-13,28
F,1927-12-20,28
M,1923-03-04,70
F,1928-11-14,70
F,1946-11-21,8
M,1944-12-15,55
M,1950-09-14,30
M,1950-04-02,66
F,1959-12-14,35
F,1927-01-25,11
M,1940-10-20,72
F,1923-09-16,1
M,1919-08-14,1
M,1978-08-06,3
F,1947-06-25,40
M,1960-05-19,71
F,1966-10-20,15
M,1930-04-19,50
F,1927-06-29,50
F,1956-07-17,54
M,1958-06-17,54
F,1967-10-15,7
F,1963-12-12,1
M,1979-02-18,18
F,1923-10-06,55
M,1919-05-02,55
M,1944-04-19,23
F,1971-08-15,40
M,1963-10-13,27
F,1968-06-18,1
F,1963-04-15,56
M,1934-02-14,54
F,1972-01-08,1
F,1962-01-29,1
M,1935-07-20,60
F,1934-01-12,60
M,1928-05-05,23
M,1950-10-29,45
F,1951-11-27,48
F,1940-08-10,13
F,1953-07-07,42
M,1928-04-11,56
F,1925-05-31,56
M,1939-09-29,56
F,1954-12-16,56
F,1978-10-22,58
M,1956-05-10,60
M,1925-04-25,67
M,1964-10-08,43
F,1965-06-15,43
F,1969-03-29,42
M,1968-12-30,42
M,1968-08-27,26
F,1969-07-21,26
F,1980-09-21,52
M,1982-09-02,65
F,1941-05-26,8
M,1941-11-11,53
F,1944-05-30,53
F,1942-04-23,68
F,1963-12-02,59
M,1959-06-30,59
M,1961-01-15,50
M,1938-05-18,21
F,1952-04-28,74
M,1938-05-23,54
F,1950-04-30,5
F,1979-12-07,17
F,1942-01-27,74
M,1936-05-15,74
F,1952-04-05,76
M,1950-10-12,52
M,1963-07-09,36
M,1965-09-10,9
F,1973-07-12,9
F,1957-03-25,12
M,1966-09-01,28
F,1964-02-19,28
M,1976-04-30,74
F,1943-02-20,8
F,1972-08-28,55
M,1969-11-10,55
F,1930-09-02,75
M,1932-09-12,75
M,1943-10-20,21
F,1954-01-30,40
F,1959-05-01,1
F,1953-06-13,51
F,1923-01-28,31
F,1959-10-10,1
F,1976-04-17,39
M,1976-06-06,56
F,1961-03-10,39
M,1966-03-17,8
F,1978-03-26,71
M,1952-03-12,46
F,1950-03-16,46
M,1953-03-29,1
F,1966-07-10,11
M,1944-06-19,42
M,1963-12-08,60
M,1972-02-04,74
F,1968-06-18,22
M,1935-10-02,32
F,1929-08-21,52
F,1937-12-15,1
F,1982-12-11,1
F,1953-04-16,47
M,1967-09-07,53
M,1957-04-29,19
F,1918-11-10,64
M,1912-03-02,64
M,1941-08-31,1
F,1940-08-13,1
F,1949-08-17,20
M,1952-10-25,47
M,1961-05-07,53
F,1931-09-15,57
M,1928-01-07,57
M,1972-07-09,48
F,1920-10-27,11
M,1940-02-15,74
M,1953-02-03,53
F,1946-09-07,53
F,1942-04-17,67
F,1975-03-28,29
M,1940-11-25,34
M,1956-09-07,69
F,1951-12-24,15
M,1946-10-25,15
F,1944-04-21,61
F,1947-11-08,1
M,1947-02-27,1
M,1923-08-10,32
M,1936-12-04,1
F,1947-08-17,46
F,1978-02-08,21
M,1972-02-07,62
F,1980-07-06,45
M,1979-12-27,45
F,1923-03-21,1
F,1964-01-10,55
M,1967-11-21,55
M,1955-03-11,17
M,1949-03-09,7
F,1945-06-11,7
F,1973-04-07,53
M,1918-01-11,50
F,1914-10-03,50
F,1946-07-01,19
M,1944-07-19,19
M,1951-02-18,10
F,1952-12-13,74
M,1944-02-11,54
F,1962-06-14,64
M,1964-01-01,64
M,1935-04-21,65
M,1945-05-22,58
F,1979-03-07,73
M,1938-07-27,75
M,1970-08-09,35
F,1934-02-24,33
M,1934-07-02,33
M,1933-10-01,68
F,1981-02-28,71
F,1934-10-21,68
F,1959-01-18,76
M,1952-06-03,76
M,1951-01-21,32
F,1946-08-18,32
M,1947-05-16,76
M,1932-12-15,40
F,1968-11-30,17
F,1974-07-20,57
M,1975-11-10,26
F,1976-05-31,26
F,1979-04-17,41
M,1955-07-30,27
F,1963-01-25,27
M,1932-07-02,70
M,1954-06-06,1
M,1959-07-27,3
F,1969-12-28,50
F,1959-10-18,23
F,1959-09-10,11
M,1956-02-20,11
M,1976-12-31,64
F,1928-11-17,50
M,1964-12-31,23
M,1959-01-24,54
M,1978-11-23,70
F,1979-02-26,60
M,1979-05-29,57
F,1965-08-18,65
M,1936-07-08,1
F,1937-09-30,1
M,1947-11-13,35
F,1923-01-16,63
M,1923-03-07,77
M,1948-04-23,45
M,1956-12-30,61
M,1967-12-07,46
M,1971-07-09,66
M,1975-08-03,9
M,1951-04-27,29
M,1949-08-05,12
F,1951-10-15,12
F,1927-10-20,54
F,1979-09-21,73
F,1971-10-05,32
M,1943-12-08,73
F,1954-10-24,30
F,1963-01-08,69
M,1968-09-02,69
M,1935-11-26,37
F,1954-12-09,54
M,1924-08-16,67
M,1948-12-24,19
F,1946-10-05,1
F,1980-11-02,2
M,1975-11-25,39
F,1934-06-25,63
M,1931-11-28,63
M,1950-03-23,1
F,1933-08-07,61
M,1953-05-28,1
F,1966-05-12,5
M,1975-09-01,54
F,1945-03-17,41
F,1940-03-30,54
F,1960-02-28,38
M,1938-11-23,10
F,1941-11-04,10
M,1933-07-08,70
M,1959-06-26,36
F,1943-09-28,63
M,1970-01-01,66
F,1964-10-16,66
F,1946-05-12,25
M,1952-01-03,5
M,1935-06-30,47
F,1933-06-26,47
M,1931-05-12,24
M,1919-06-30,41
M,1939-03-29,1
F,1947-05-17,36
M,1949-09-28,36
M,1940-03-12,57
F,1977-02-24,16
M,1951-07-24,62
F,1953-12-06,47
M,1956-10-02,47
F,1979-04-20,43
F,1928-11-20,50
M,1941-04-24,1
F,1922-09-13,71
F,1978-08-07,1
M,1960-08-03,69
F,1974-04-24,51
M,1937-09-12,13
F,1941-08-16,13
M,1962-11-14,69
F,1942-08-16,51
M,1952-02-03,33
M,1976-10-09,51
F,1966-07-31,1
M,1966-11-15,30
M,1927-02-19,7
F,1928-03-11,7
F,1944-03-07,36
M,1957-01-13,67
F,1959-11-27,67
F,1936-12-18,5
M,1935-10-28,5
F,1953-03-23,67
M,1943-09-13,9
F,1939-01-25,48
F,1922-02-03,74
M,1918-11-14,74
M,1980-12-12,48
F,1979-01-30,52
F,1924-07-02,6
F,1922-09-24,57
F,1942-07-05,52
F,1975-09-12,31
M,1962-09-05,50
M,1965-08-18,1
F,1932-05-27,70
F,1968-08-22,54
M,1964-03-16,54
F,1964-10-31,1
M,1957-07-15,29
F,1977-10-09,50
M,1952-02-16,54
M,1948-03-14,22
F,1949-06-09,22
F,1942-06-11,64
F,1944-09-24,1
M,1980-02-16,60
F,1933-02-14,1
M,1935-04-29,1
F,1980-02-20,1
F,1963-01-24,52
M,1968-10-26,52
M,1946-10-20,1
M,1976-10-19,15
M,1951-07-01,1
F,1957-08-21,47
M,1963-09-02,47
F,1944-04-02,21
M,1974-08-08,1
M,1934-01-24,72
F,1932-05-24,72
F,1961-10-27,18
F,1976-01-26,59
F,1970-01-07,47
M,1920-04-07,34
M,1926-07-15,54
F,1918-09-24,66
F,1957-07-28,32
F,1955-08-14,14
F,1959-03-04,62
M,1928-03-26,66
F,1934-02-11,66
F,1947-11-05,1
F,1965-11-03,47
M,1982-02-08,48
F,1969-03-07,36
M,1961-08-01,73
M,1941-07-03,10
M,1965-11-22,23
F,1962-11-07,23
F,1939-08-30,1
M,1941-02-22,66
F,1949-05-18,72
M,1922-07-07,63
F,1928-09-08,75
M,1920-01-17,33
F,1944-03-16,35
M,1946-11-08,67
F,1938-04-21,48
M,1972-02-26,57
M,1968-04-15,69
F,1942-06-20,39
M,1939-09-09,39
M,1926-07-19,28
F,1969-03-13,69
M,1949-05-04,30
M,1975-08-07,42
F,1946-10-26,1
M,1949-04-03,1
F,1958-05-07,1
M,1938-05-29,67
M,1938-06-23,37
F,1935-02-08,37
M,1952-04-26,77
F,1952-08-14,77
F,1955-08-15,65
F,1934-02-21,38
F,1942-11-14,16
F,1940-01-21,15
F,1933-11-21,70
F,1929-05-12,68
F,1955-10-16,15
M,1960-03-27,15
F,1939-09-30,57
M,1925-08-14,1
F,1923-01-22,1
F,1921-07-12,10
M,1915-05-10,10
M,1926-02-11,39
F,1957-01-22,31
M,1954-06-03,54
M,1935-07-19,72
M,1981-02-08,23
F,1939-02-19,71
M,1942-06-23,71
M,1929-07-06,26
M,1971-04-29,41
F,1971-03-09,52
M,1965-09-22,52
M,1952-07-28,69
F,1971-10-28,66
F,1925-07-09,1
M,1972-03-04,63
F,1977-11-21,63
M,1920-12-26,1
M,1946-08-23,22
F,1920-06-04,31
M,1950-11-18,6
M,1945-06-12,38
M,1931-08-05,17
M,1939-08-10,75
F,1948-07-01,19
F,1963-11-15,1
M,1960-08-13,1
F,1926-08-26,53
F,1947-11-05,1
F,1969-03-14,3
F,1946-04-29,1
F,1931-09-13,60
M,1918-07-14,10
F,1915-09-27,10
M,1918-10-12,72
F,1935-10-25,10
F,1952-05-22,18
F,1926-03-19,51
M,1959-04-30,77
F,1970-09-22,19
M,1977-07-08,53
F,1982-02-05,53
M,1926-08-29,1
M,1937-12-13,6
F,1942-08-13,6
M,1952-05-04,13
F,1939-01-13,50
M,1943-11-25,50
M,1918-11-09,64
M,1975-06-21,1
F,1967-07-06,1
F,1941-04-10,50
M,1937-03-20,1
F,1977-11-09,1
F,1978-12-15,40
F,1982-02-10,74
F,1942-05-09,39
F,1977-08-05,34
F,1918-11-26,70
M,1921-06-15,70
F,1974-02-03,1
M,1979-10-03,30
F,1962-08-22,41
M,1958-09-13,41
M,1940-06-07,47
M,1936-01-16,12
M,1952-08-12,37
F,1925-11-18,46
M,1923-06-27,46
F,1940-07-10,1
F,1968-11-15,1
M,1934-10-09,55
F,1931-01-23,55
F,1945-08-25,56
M,1932-09-28,73
F,1925-12-20,73
M,1919-12-08,67
M,1939-11-12,56
F,1931-09-02,56
M,1934-04-15,62
M,1941-12-31,39
F,1934-12-03,39
M,1930-01-22,12
F,1924-10-17,12
F,1923-09-19,5
F,1980-08-04,5
M,1926-12-15,54
M,1943-03-21,1
F,1937-07-02,1
M,1926-06-12,13
F,1928-07-27,13
F,1948-08-26,69
F,1980-03-29,1
F,1969-01-20,68
M,1944-08-07,59
M,1956-08-11,68
M,1982-07-04,49
F,1954-09-15,77
F,1961-09-18,32
M,1956-08-22,28
F,1952-08-26,28
F,1943-07-25,11
F,1928-06-03,23
M,1927-02-20,70
F,1932-05-23,70
F,1918-12-07,74
M,1914-05-19,74
M,1918-02-07,16
M,1948-12-06,48
F,1976-08-31,56
M,1978-12-09,1
F,1976-01-02,6
M,1971-03-02,76
M,1972-06-30,43
F,1971-06-04,43
M,1953-07-27,63
F,1954-05-22,63
F,1950-09-26,68
M,1926-07-30,53
M,1978-08-20,64
M,1972-10-27,1
M,1979-10-20,56
F,1930-05-24,72
F,1923-01-01,70
F,1972-07-23,70
M,1973-12-19,1
F,1944-02-09,75
M,1956-02-08,22
F,1961-09-16,24
M,1922-01-29,74
F,1957-02-07,63
F,1930-03-01,44
F,1978-08-03,10
F,1925-05-29,72
M,1963-12-26,60
F,1972-11-06,46
M,1933-02-04,67
M,1943-03-12,71
F,1929-02-16,1
M,1928-11-28,1
F,1954-10-29,35
M,1977-09-29,68
F,1948-08-26,32
F,1967-06-09,70
M,1970-10-07,70
F,1928-01-17,48
M,1945-03-21,72
M,1970-06-24,48
F,1975-09-06,48
M,1974-04-30,9
F,1974-09-06,74
M,1936-11-11,53
F,1939-05-28,53
M,1918-01-16,1
F,1931-09-29,33
M,1935-06-24,33
M,1941-05-27,51
F,1944-02-04,18
M,1948-01-08,37
F,1947-07-18,42
F,1921-03-21,74
M,1923-04-18,74
F,1945-04-21,77
F,1950-05-14,15
F,1967-11-03,3
F,1924-05-29,57
M,1927-09-15,21
M,1937-04-04,68
M,1918-08-21,51
F,1914-03-01,51
M,1930-06-14,76
M,1945-02-28,53
M,1970-11-12,1
F,1960-05-18,30
M,1979-09-25,64
F,1970-07-17,1
M,1982-05-17,53
F,1949-01-14,68
M,1975-04-12,71
F,1975-03-28,52
F,1955-08-13,38
M,1962-12-07,75
F,1945-10-29,21
F,1975-02-11,39
M,1969-02-06,39
F,1921-11-28,53
M,1917-12-14,53
F,1940-08-08,24
F,1940-07-24,28
F,1962-11-09,73
M,1980-12-19,68
F,1932-03-06,18
M,1926-10-18,18
M,1951-09-06,28
F,1941-12-20,21
M,1948-11-12,21
F,1960-01-28,15
F,1968-12-24,39
M,1973-01-04,65
F,1963-08-14,69
F,1953-07-20,31
F,1923-04-09,33
M,1941-04-17,61
F,1945-12-30,61
F,1929-09-07,17
F,1949-05-16,36
F,1957-11-28,60
M,1958-06-10,15
F,1966-12-27,33
M,1945-11-17,11
M,1981-05-06,10
F,1930-01-23,74
M,1945-05-31,70
F,1920-03-06,1
M,1913-09-12,1
M,1918-04-08,52
M,1941-10-29,47
F,1945-03-02,47
F,1947-07-22,30
M,1981-12-13,1
F,1963-07-12,46
M,1971-01-01,46
M,1942-04-30,70
M,1958-11-28,1
F,1929-08-21,7
F,1951-12-17,56
F,1952-08-08,74
F,1942-01-03,53
M,1946-07-16,18
F,1942-05-30,24
M,1939-08-09,46
F,1939-10-27,9
F,1972-10-17,51
M,1968-07-22,46
F,1929-12-01,75
M,1931-08-21,75
M,1970-07-07,24
F,1957-06-20,20
F,1942-07-26,48
M,1933-03-12,40
F,1925-08-25,40
F,1962-11-15,21
M,1974-10-22,28
F,1979-08-04,28
F,1956-04-12,1
M,1952-07-26,1
F,1961-08-22,50
F,1942-09-13,68
F,1955-02-16,31
F,1962-12-10,47
F,1920-02-22,17
M,1911-12-09,17
M,1953-07-31,66
M,1929-02-23,44
F,1928-08-17,44
M,1939-10-01,10
F,1946-08-19,54
M,1952-12-12,55
F,1964-06-04,10
F,1961-02-17,70
M,1959-01-09,70
F,1927-06-13,30
M,1933-04-23,30
F,1920-02-24,3
M,1972-05-27,52
M,1968-11-07,3
M,1946-11-07,5
M,1925-01-29,10
F,1972-07-04,1
M,1974-02-20,1
M,1968-11-08,43
F,1964-11-28,43
F,1952-02-17,20
M,1945-03-15,20
F,1934-08-03,1
F,1943-05-24,70
M,1932-10-04,54
F,1960-11-06,4
F,1964-10-09,74
M,1975-07-25,42
F,1940-03-20,43
M,1944-09-07,68
M,1969-05-31,5
F,1971-10-13,21
M,1967-05-27,36
F,1964-12-24,36
F,1940-04-20,14
F,1978-06-27,44
M,1958-10-03,47
F,1954-02-19,47
F,1976-01-09,6
F,1932-03-12,47
M,1926-12-30,47
F,1976-06-05,1
M,1980-07-04,1
F,1953-08-01,55
F,1978-01-13,35
M,1975-10-24,7
F,1945-12-07,32
F,1938-12-08,34
F,1971-10-13,26
M,1965-11-15,37
F,1957-09-09,37
F,1927-12-09,72
F,1923-08-24,50
M,1974-06-05,70
F,1979-08-31,62
M,1979-11-03,62
F,1950-01-02,19
F,1962-04-22,62
M,1956-11-13,62
M,1934-08-17,1
M,1943-05-08,4
M,1977-09-18,52
M,1939-01-23,16
F,1966-04-10,1
M,1938-12-26,10
F,1963-11-10,48
F,1960-04-21,61
M,1964-11-07,61
M,1964-10-14,9
F,1965-07-24,9
F,1932-04-27,44
M,1979-03-25,1
M,1921-07-01,76
M,1953-11-06,52
F,1974-04-24,10
F,1978-06-06,76
M,1973-03-11,60
M,1961-08-09,1
F,1966-11-26,54
M,1979-10-21,47
F,1957-08-23,32
M,1954-08-21,32
F,1954-05-30,31
M,1957-09-19,6
M,1921-11-10,59
M,1969-11-22,1
F,1952-12-27,32
F,1939-02-28,22
M,1942-06-13,22
M,1965-01-18,48
F,1969-05-15,48
F,1940-02-20,6
F,1961-07-07,35
M,1960-12-19,35
M,1957-01-26,74
F,1939-04-01,61
M,1939-02-11,61
F,1949-06-10,70
M,1943-08-21,70
M,1923-09-06,26
F,1974-10-31,27
F,1976-05-13,15
M,1939-07-23,40
F,1935-10-01,40
F,1975-02-15,11
M,1980-10-29,70
F,1959-12-16,34
M,1963-10-08,34
M,1970-03-25,1
M,1976-02-22,1
F,1923-09-19,20
F,1970-05-16,40
M,1951-05-23,60
F,1968-01-12,68
M,1928-06-11,15
F,1942-06-29,48
M,1978-07-16,27
F,1955-02-03,2
F,1945-12-14,72
M,1919-10-27,73
M,1968-10-02,24
M,1973-01-02,18
F,1948-11-17,40
F,1957-05-31,42
F,1949-12-22,60
M,1949-10-12,60
F,1934-03-28,66
M,1922-07-17,12
F,1917-04-09,12
F,1957-07-25,58
M,1956-12-06,58
M,1953-05-02,42
F,1947-07-13,42
M,1948-12-18,70
M,1959-03-18,1
F,1924-04-27,3
M,1942-07-19,33
F,1947-10-25,33
F,1943-12-17,35
M,1933-04-24,35
F,1968-07-10,46
M,1967-06-09,46
M,1965-04-17,38
F,1977-09-29,70
F,1929-09-17,4
M,1967-12-21,1
F,1948-06-30,6
M,1930-07-10,52
F,1937-01-10,52
F,1946-10-16,74
M,1953-07-01,74
M,1968-09-24,9
F,1974-09-02,9
M,1947-06-18,43
F,1971-04-26,56
F,1953-06-26,46
M,1930-01-01,35
F,1931-04-05,35
F,1943-12-22,64
M,1940-12-19,64
F,1956-08-21,41
F,1956-02-07,70
F,1971-04-09,23
M,1954-01-19,15
M,1968-07-27,9
F,1965-07-25,72
M,1964-08-19,72
M,1950-11-17,49
F,1953-03-13,63
F,1964-06-19,33
M,1927-08-17,40
F,1931-10-11,40
F,1927-10-25,62
F,1947-01-01,31
M,1946-12-17,31
M,1933-05-05,13
F,1934-03-10,13
F,1945-07-16,77
M,1971-07-29,42
M,1924-07-20,25
M,1938-05-13,57
M,1942-01-24,1
M,1955-05-21,26
F,1976-08-23,16
M,1962-06-04,5
M,1953-03-11,8
F,1949-08-29,41
M,1918-07-14,46
F,1955-08-25,71
F,1943-05-02,42
M,1959-04-10,19
F,1948-01-26,26
M,1948-10-26,41
F,1963-01-25,1
F,1977-07-05,27
M,1975-08-21,27
F,1956-10-06,49
M,1975-08-27,51
F,1940-04-28,6
M,1964-05-27,54
F,1973-02-08,73
M,1968-08-17,73
M,1980-10-26,20
M,1961-08-09,46
F,1950-07-13,54
M,1957-04-24,54
F,1954-12-23,72
F,1938-06-21,48
F,1953-12-27,1
F,1954-06-23,1
F,1972-06-06,48
M,1970-11-10,48
F,1976-06-09,68
M,1957-07-09,42
M,1920-11-10,54
F,1977-07-18,6
M,1927-06-09,74
F,1934-11-30,74
F,1946-06-27,1
M,1973-11-22,70
M,1937-10-28,5
M,1966-10-10,75
F,1924-03-08,27
M,1964-06-19,32
F,1945-05-24,42
F,1943-10-18,16
F,1934-08-06,25
M,1936-12-27,45
F,1946-09-19,52
M,1944-11-26,52
M,1935-09-09,17
M,1928-10-06,1
F,1927-07-08,1
M,1949-05-23,75
M,1934-08-26,4
M,1969-02-26,54
M,1972-10-07,68
F,1971-07-01,68
M,1967-12-28,1
F,1975-05-17,54
M,1939-12-06,42
F,1952-06-07,64
M,1924-01-13,13
F,1940-09-04,69
M,1919-11-04,72
F,1923-12-04,72
M,1940-08-17,68
F,1932-08-09,68
F,1974-07-22,20
F,1963-01-05,19
M,1967-04-02,64
M,1934-06-06,19
M,1944-12-17,7
M,1945-09-01,30
M,1973-10-17,51
F,1946-05-16,36
M,1965-03-18,71
F,1957-09-10,54
M,1943-06-14,53
F,1942-01-05,53
F,1976-03-29,70
F,1976-10-17,20
M,1957-04-06,42
F,1982-02-02,44
F,1957-02-16,75
M,1952-06-14,75
F,1940-05-24,48
F,1959-03-31,31
F,1976-12-08,46
M,1948-06-22,6
M,1925-01-07,34
F,1929-12-30,34
M,1969-12-21,68
M,1933-05-15,20
F,1961-10-05,76
F,1967-09-25,67
F,1980-09-22,9
F,1975-01-28,64
F,1961-03-26,61
F,1939-03-20,5
M,1943-12-13,5
M,1962-10-09,1
M,1971-01-06,37
F,1939-12-14,58
M,1972-07-07,1
F,1962-04-06,34
M,1980-03-12,37
M,1944-08-04,13
F,1946-08-20,24
F,1940-12-04,70
F,1935-03-13,1
F,1977-09-23,54
M,1950-01-09,61
F,1960-04-30,25
M,1976-09-27,76
F,1952-08-26,37
F,1965-08-07,72
M,1971-02-06,72
F,1959-06-10,72
F,1975-03-27,35
M,1974-07-27,35
M,1941-05-08,41
M,1957-02-11,59
M,1958-06-03,12
F,1942-01-05,33
M,1924-09-09,18
F,1921-05-07,18
F,1970-08-06,29
M,1944-07-30,62
F,1947-03-30,55
M,1937-09-08,74
F,1937-12-02,74
M,1959-07-31,36
F,1952-07-10,36
M,1964-07-26,1
F,1947-07-31,44
M,1977-02-16,25
M,1939-06-22,70
M,1950-02-11,8
F,1954-01-24,5
M,1937-05-09,29
F,1929-07-17,40
M,1943-01-10,1
M,1945-01-10,1
M,1961-10-22,64
M,1957-10-10,73
M,1980-02-23,56
F,1972-01-21,32
M,1981-06-26,46
M,1944-12-19,3
F,1952-08-27,3
F,1953-09-28,9
F,1961-12-03,41
F,1953-10-29,48
M,1953-10-06,48
F,1923-05-05,70
F,1976-10-12,1
F,1939-08-11,70
F,1964-01-24,74
M,1976-11-24,34
M,1941-09-20,64
M,1963-09-23,42
F,1951-02-10,44
M,1957-02-18,7
M,1959-01-18,30
F,1965-03-31,8
F,1974-06-20,70
M,1945-07-26,48
M,1952-11-01,42
M,1971-09-08,74
M,1946-05-22,64
F,1963-03-25,29
M,1943-05-30,64
F,1938-06-11,64
M,1948-04-01,69
F,1947-06-19,69
F,1979-04-25,43
M,1953-10-08,1
F,1965-03-10,1
F,1932-04-22,29
F,1979-05-16,46
M,1918-01-07,70
M,1954-07-08,76
F,1935-01-02,11
M,1935-03-07,11
F,1953-11-19,52
M,1938-12-15,51
M,1937-06-17,75
F,1944-12-15,4
F,1971-08-28,75
M,1966-05-14,8
F,1973-01-03,8
M,1958-05-19,33
M,1963-02-17,21
F,1964-10-19,42
M,1960-02-27,42
F,1980-08-31,1
M,1977-06-10,1
M,1963-07-31,55
M,1961-10-08,31
F,1969-08-06,28
M,1965-10-25,28
M,1946-01-09,1
F,1923-04-17,7
M,1961-07-25,37
F,1966-08-20,37
F,1972-11-03,38
M,1926-07-11,22
F,1925-04-17,22
M,1943-01-04,31
M,1943-03-27,63
F,1943-09-15,58
M,1977-05-09,1
F,1980-05-03,1
M,1938-11-09,77
M,1975-02-03,38
M,1977-10-26,1
M,1946-03-14,72
F,1945-08-26,64
M,1970-07-07,50
F,1962-06-26,50
M,1942-08-14,17
F,1969-07-09,63
M,1968-07-18,63
M,1956-05-09,51
M,1973-06-07,71
F,1965-07-16,16
M,1972-10-07,57
M,1940-02-14,1
F,1931-11-05,1
M,1931-12-03,1
F,1937-08-20,64
M,1970-05-21,18
F,1963-02-25,18
F,1967-07-12,1
F,1966-12-10,67
M,1918-10-24,28
M,1935-06-06,64
M,1942-01-07,1
F,1950-03-04,45
M,1951-01-29,45
M,1973-09-04,22
F,1946-01-07,54
F,1964-03-23,6
M,1920-04-22,67
F,1937-06-07,63
M,1940-03-26,9
F,1934-10-10,9
M,1975-03-05,75
F,1969-11-27,75
F,1949-05-09,41
M,1950-01-25,1
F,1939-10-08,59
M,1963-08-12,44
M,1955-09-15,54
M,1948-07-09,73
M,1933-01-21,11
M,1941-05-24,46
F,1961-10-17,1
M,1978-08-29,1
M,1976-10-01,8
F,1935-07-06,47
M,1972-01-01,9
F,1975-02-09,9
M,1927-05-08,51
M,1936-09-13,45
F,1972-04-22,35
F,1940-03-26,7
M,1959-07-16,65
F,1952-10-03,65
M,1924-01-22,31
M,1961-06-01,61
M,1922-05-24,33
F,1918-05-15,33
M,1938-09-30,1
F,1945-09-02,1
F,1971-01-04,45
M,1975-01-14,45
F,1929-06-13,48
F,1953-02-11,74
F,1969-06-21,73
F,1951-03-24,19
M,1949-08-22,19
F,1967-10-24,60
M,1923-01-17,16
F,1971-12-25,58
M,1964-05-17,47
M,1925-05-30,44
F,1976-08-04,46
F,1927-10-06,15
M,1929-05-16,15
M,1947-09-04,2
F,1948-08-14,2
F,1970-10-07,31
M,1977-02-23,31
M,1945-02-22,34
M,1952-03-29,1
M,1919-02-26,7
F,1973-03-12,2
F,1949-05-22,1
M,1924-04-30,43
M,1967-07-02,3
M,1969-05-23,45
M,1958-08-12,73
M,1946-06-14,26
M,1956-01-17,25
M,1962-09-02,36
F,1970-03-06,6
M,1957-07-04,7
F,1969-07-13,25
M,1930-04-28,46
F,1932-12-22,46
F,1964-10-30,29
F,1949-09-05,1
F,1950-06-26,24
M,1975-03-01,35
F,1973-07-28,1
M,1968-02-05,1
M,1922-08-13,74
M,1966-08-28,1
M,1947-03-18,52
M,1927-12-08,38
F,1953-09-16,57
F,1927-11-11,3
M,1934-11-12,3
M,1928-07-31,64
F,1958-02-15,1
M,1951-04-25,1
M,1950-01-26,13
F,1967-11-23,36
F,1930-11-29,41
F,1948-08-27,65
F,1939-10-04,50
M,1943-02-22,50
F,1939-08-07,54
M,1971-02-25,1
M,1936-10-14,6
F,1936-10-06,6
F,1921-03-04,14
M,1913-07-13,14
F,1957-01-24,68
M,1971-08-09,48
F,1978-05-24,66
F,1970-03-23,1
F,1919-09-28,31
M,1946-07-14,1
M,1974-01-26,2
F,1975-12-12,68
F,1977-09-29,1
F,1953-04-23,29
F,1981-04-20,36
M,1959-09-15,70
F,1954-06-04,70
M,1964-04-02,1
M,1937-05-15,69
M,1954-07-08,1
M,1920-10-25,37
F,1923-01-08,37
F,1919-09-13,49
M,1921-02-23,49
F,1978-07-09,41
F,1934-06-07,31
F,1970-03-28,46
M,1964-05-16,57
M,1948-05-04,29
F,1947-01-16,29
F,1960-11-22,46
M,1940-09-13,31
M,1940-06-20,1
F,1958-07-25,36
M,1962-07-29,22
M,1951-11-02,24
F,1976-10-14,41
F,1951-10-21,49
F,1951-12-25,1
M,1975-02-10,16
M,1921-10-10,60
M,1965-01-22,18
F,1968-04-13,18
M,1974-06-25,15
M,1950-11-05,28
M,1931-06-27,65
F,1961-12-02,4
M,1949-08-26,2
M,1919-02-18,75
F,1966-11-29,1
M,1931-10-12,68
F,1936-11-10,68
M,1964-07-13,73
F,1955-07-01,58
F,1974-03-31,8
M,1979-02-14,33
M,1971-07-28,72
F,1946-12-07,1
F,1970-05-02,55
M,1941-04-10,70
F,1973-02-10,19
M,1930-06-30,35
F,1938-03-15,35
F,1977-02-19,1
M,1963-04-12,54
M,1980-08-12,8
M,1966-12-17,77
F,1980-11-01,45
M,1958-10-19,50
F,1946-12-18,70
M,1941-09-05,39
M,1958-03-29,65
M,1935-01-28,59
M,1923-02-13,63
F,1949-07-10,14
F,1939-12-27,33
M,1974-11-14,51
F,1980-07-09,68
M,1927-07-23,13
F,1923-07-09,13
M,1949-05-23,52
M,1966-01-27,27
F,1919-09-21,38
M,1927-05-21,38
M,1965-03-09,65
F,1928-07-05,72
M,1934-05-14,72
F,1973-04-10,18
M,1958-06-17,74
F,1966-10-06,70
M,1962-11-19,51
M,1952-09-02,7
F,1969-03-17,1
F,1942-07-25,34
M,1939-02-20,34
M,1928-04-02,19
M,1970-08-20,7
M,1939-08-10,54
F,1942-06-28,26
F,1956-04-25,28
M,1949-06-01,16
F,1957-07-26,16
M,1923-11-11,47
M,1927-02-03,33
F,1926-02-12,42
F,1928-09-24,68
M,1958-03-31,28
F,1964-10-07,49
M,1968-03-05,49
F,1952-04-09,51
M,1948-11-18,15
F,1949-10-30,15
F,1960-01-23,1
M,1933-12-14,14
M,1975-08-05,1
M,1959-11-28,29
F,1967-11-23,71
F,1933-10-27,77
F,1975-03-24,16
M,1972-09-10,34
M,1936-08-17,46
M,1977-01-07,1
M,1932-04-29,59
M,1947-04-17,68
M,1977-01-10,40
M,1952-12-30,60
F,1967-03-21,12
M,1931-12-14,70
M,1953-02-26,30
F,1958-10-10,40
F,1965-10-04,1
M,1958-10-03,1
F,1961-01-29,2
F,1978-09-09,1
M,1943-12-05,25
M,1951-10-11,62
F,1957-07-23,62
F,1941-03-21,3
F,1927-11-02,2
F,1948-07-25,70
F,1977-05-17,70
F,1975-05-16,1
M,1925-07-18,40
F,1920-10-17,40
M,1918-05-18,16
M,1923-03-22,18
F,1939-01-09,25
F,1959-07-03,8
M,1959-11-26,8
F,1946-05-18,64
M,1951-07-07,64
M,1934-12-16,5
F,1932-09-22,5
M,1971-02-28,1
M,1936-10-09,26
M,1936-09-28,76
M,1932-09-25,45
F,1925-07-28,45
M,1962-12-27,44
F,1954-02-22,33
M,1972-09-30,1
M,1940-01-18,16
M,1967-05-21,5
F,1970-09-08,5
F,1962-06-23,44
F,1976-12-20,64
M,1940-09-07,43
F,1977-03-21,35
F,1941-02-06,18
M,1947-09-08,18
M,1934-02-11,27
F,1929-12-28,27
M,1932-03-02,38
M,1958-03-10,1
M,1941-03-22,41
F,1940-07-11,1
M,1942-12-12,72
F,1948-04-27,72
F,1944-05-02,61
F,1945-03-11,3
M,1949-07-01,74
F,1921-06-01,8
M,1918-02-13,8
M,1965-10-16,1
M,1951-03-12,38
F,1966-06-03,67
F,1980-06-28,1
F,1943-08-23,71
M,1921-06-02,74
F,1926-01-23,74
F,1957-05-18,19
M,1978-11-20,47
M,1943-09-25,14
M,1944-06-06,46
F,1950-08-31,76
F,1978-01-17,52
M,1936-07-07,3
F,1959-08-12,38
M,1952-07-16,38
M,1939-08-06,23
M,1978-03-07,23
M,1975-05-07,48
M,1957-11-19,54
M,1928-12-19,1
F,1933-12-28,1
M,1938-11-10,1
F,1939-03-29,1
M,1978-11-27,8
F,1918-02-07,30
M,1955-02-20,65
F,1961-01-15,53
M,1962-08-24,40
M,1923-04-22,55
F,1922-04-06,55
F,1977-12-03,1
M,1976-01-14,1
F,1951-07-12,56
F,1943-03-18,33
F,1922-08-03,57
M,1963-02-06,39
F,1948-03-05,33
F,1961-12-22,4
M,1974-06-14,11
F,1949-02-05,16
F,1973-03-23,6
M,1967-07-23,6
F,1963-05-24,60
M,1960-04-13,60
M,1952-05-15,14
F,1946-06-01,14
M,1961-05-21,33
F,1949-02-01,17
F,1938-04-02,32
M,1941-07-31,32
M,1966-05-07,11
M,1963-07-22,18
F,1941-06-15,35
M,1965-01-29,1
F,1941-03-09,1
M,1961-04-02,1
F,1979-03-24,74
F,1928-04-02,41
M,1958-10-07,1
F,1955-05-13,42
F,1973-05-12,69
M,1971-07-13,69
M,1931-06-29,43
F,1973-08-08,22
M,1964-04-11,76
M,1919-12-19,73
F,1957-08-03,62
M,1960-01-12,62
M,1955-09-19,74
F,1955-11-10,70
F,1950-03-18,51
M,1953-11-05,51
M,1952-02-29,73
M,1977-08-23,40
M,1941-05-14,2
M,1978-01-28,61
M,1969-09-23,30
F,1942-08-27,32
M,1961-08-24,1
F,1954-09-22,1
M,1959-04-04,16
M,1929-03-08,60
F,1932-12-27,60
M,1947-03-25,22
M,1959-07-25,62
F,1932-04-23,34
M,1970-05-08,43
F,1976-05-10,68
F,1965-09-05,40
M,1959-04-10,40
M,1964-11-02,27
F,1941-03-31,16
M,1942-01-04,64
F,1946-03-05,6
F,1969-06-01,55
F,1927-04-24,4
F,1968-02-14,18
F,1951-11-15,63
M,1945-10-07,36
F,1950-03-18,10
F,1925-01-22,1
M,1975-10-01,45
F,1923-01-06,16
M,1967-04-06,6
F,1967-07-31,6
M,1928-03-11,65
M,1958-04-28,74
M,1931-02-23,51
F,1959-01-16,38
M,1962-03-05,38
F,1943-09-29,49
M,1977-11-29,61
M,1960-05-18,61
F,1965-10-05,61
F,1930-08-22,41
M,1971-01-29,27
M,1930-05-05,42
F,1921-08-21,24
F,1982-03-09,54
F,1952-06-21,57
M,1954-03-20,57
M,1943-10-23,21
M,1920-12-12,46
F,1967-02-23,38
M,1936-04-14,1
F,1937-10-23,1
M,1958-11-07,1
M,1941-05-05,74
F,1962-11-17,57
F,1934-02-24,50
M,1932-01-31,50
M,1943-05-19,67
F,1951-07-27,5
M,1945-03-02,5
F,1979-10-17,52
M,1971-04-07,41
F,1951-08-24,23
F,1946-06-29,62
M,1948-09-14,62
F,1959-09-21,46
M,1950-06-11,40
M,1974-07-26,46
M,1968-11-17,32
F,1966-03-03,15
F,1967-11-06,59
M,1966-02-21,35
M,1950-08-18,48
M,1953-06-29,36
M,1982-02-27,74
M,1948-08-22,48
M,1938-06-23,17
M,1965-11-13,17
M,1931-03-30,2
M,1941-12-13,1
F,1979-02-16,61
F,1973-03-07,64
F,1982-01-04,4
M,1947-08-17,68
F,1928-03-03,72
M,1960-11-16,30
F,1962-02-26,30
F,1932-04-21,7
M,1931-02-27,54
F,1924-02-07,54
M,1939-09-12,24
F,1971-11-12,60
M,1971-02-24,60
M,1961-11-30,72
M,1951-09-09,28
F,1941-06-22,62
M,1940-07-09,62
F,1936-01-26,50
M,1964-06-02,75
F,1956-10-18,57
M,1959-04-02,57
M,1979-07-25,1
F,1958-01-02,5
F,1922-10-30,10
M,1938-01-13,47
F,1920-06-18,1
F,1944-02-09,69
F,1946-08-01,5
F,1955-05-31,19
F,1935-06-14,1
F,1975-03-24,1
F,1973-04-20,31
M,1938-05-04,1
M,1969-01-06,48
M,1963-12-18,1
M,1947-02-26,70
F,1943-08-12,70
F,1956-09-23,46
M,1959-04-13,46
F,1925-11-09,9
M,1919-03-18,68
F,1944-02-02,21
M,1919-08-04,1
F,1921-11-04,1
M,1948-07-15,1
F,1964-04-26,19
M,1942-04-04,3
F,1935-01-09,3
F,1932-07-24,54
F,1951-07-27,1
M,1936-10-04,1
M,1924-06-17,26
F,1926-02-21,26
F,1973-04-08,44
F,1954-11-02,68
F,1942-02-26,1
F,1940-11-25,1
M,1930-10-27,24
M,1951-06-29,20
M,1980-11-18,66
M,1960-05-17,55
F,1964-05-26,1
M,1962-09-10,1
F,1976-09-01,3
M,1955-06-14,31
F,1943-09-08,48
M,1921-02-21,76
F,1924-04-26,76
M,1951-12-23,64
F,1946-04-18,66
M,1952-11-16,66
F,1950-07-19,64
M,1937-07-07,1
M,1938-08-12,24
F,1969-08-01,25
F,1948-03-12,45
M,1944-09-30,45
M,1943-02-15,27
F,1925-04-22,18
M,1980-02-24,70
F,1959-12-01,5
F,1972-11-26,17
F,1955-01-14,1
M,1952-09-02,7
F,1976-05-19,68
F,1920-11-01,1
F,1975-11-05,56
M,1939-07-14,6
F,1950-02-22,28
F,1975-08-17,51
F,1971-06-13,2
F,1978-08-14,72
M,1958-07-10,1
F,1953-03-05,1
F,1957-12-18,1
M,1954-11-15,1
F,1953-08-06,66
M,1922-07-19,56
F,1959-04-23,1
M,1956-03-26,1
F,1921-06-25,1
M,1921-05-21,1
F,1925-12-03,55
M,1947-02-06,27
F,1939-01-03,27
M,1963-08-30,14
F,1967-08-07,17
M,1941-10-04,1
M,1922-05-12,71
F,1936-05-06,64
M,1959-11-28,58
M,1977-05-02,61
M,1965-12-16,49
F,1959-10-18,49
M,1957-02-17,23
F,1953-07-16,23
M,1977-05-06,21
M,1957-03-17,13
M,1951-11-22,1
F,1950-10-28,59
M,1957-02-22,34
M,1979-04-18,50
F,1982-06-06,1
M,1961-06-03,21
M,1976-11-05,5
M,1980-11-30,1
F,1919-08-04,67
F,1950-06-12,46
F,1960-04-15,28
F,1981-11-16,7
F,1937-12-10,67
M,1934-09-14,26
F,1937-03-04,26
F,1920-09-30,71
M,1933-09-29,72
M,1952-12-02,70
M,1931-04-20,66
F,1958-04-21,69
F,1929-08-02,28
M,1959-01-20,17
F,1962-01-20,17
F,1962-12-28,52
M,1961-03-26,52
M,1946-07-02,70
M,1930-02-13,1
F,1970-01-04,8
M,1976-07-18,49
F,1978-05-11,73
F,1960-07-30,74
M,1950-10-15,71
F,1942-09-08,74
M,1950-04-10,74
F,1941-08-14,61
F,1950-10-20,63
F,1963-06-11,47
M,1960-10-08,47
M,1951-08-26,61
F,1956-03-31,1
M,1974-11-05,2
M,1940-01-22,12
F,1942-01-03,58
F,1920-07-18,9
M,1918-01-02,9
M,1929-01-22,26
F,1924-09-19,26
M,1980-03-21,52
M,1966-03-26,42
F,1962-04-20,42
F,1954-08-04,66
M,1958-05-31,66
M,1950-12-27,74
M,1981-09-02,29
M,1933-11-23,10
M,1936-07-02,2
F,1943-09-17,2
F,1972-03-15,74
M,1978-04-01,74
M,1926-01-28,69
F,1977-06-09,75
F,1969-07-12,11
M,1947-01-23,52
M,1940-01-21,18
F,1953-01-20,1
M,1957-03-08,52
F,1966-03-13,40
M,1969-06-11,23
M,1968-04-17,1
F,1942-08-05,5
F,1961-09-17,76
M,1950-06-29,53
F,1964-02-17,52
M,1965-01-09,52
M,1939-08-31,69
F,1971-10-11,41
M,1948-04-26,27
F,1979-07-01,14
M,1948-02-16,15
F,1942-04-29,15
M,1954-02-13,23
M,1954-08-25,51
F,1971-11-05,70
F,1946-02-10,60
F,1931-12-18,24
M,1934-06-21,24
F,1947-12-15,1
M,1950-04-24,1
F,1979-04-24,1
M,1972-02-14,1
F,1969-05-30,13
M,1948-02-29,31
F,1981-02-22,74
F,1971-04-13,26
M,1963-09-28,26
F,1952-12-26,57
F,1937-07-04,20
M,1966-10-11,24
M,1961-03-20,54
F,1955-04-15,54
F,1970-02-05,70
F,1969-11-15,46
F,1949-07-24,10
M,1967-07-01,1
M,1967-02-10,11
F,1951-05-30,64
M,1952-04-13,53
F,1942-11-29,69
F,1976-01-29,31
M,1976-02-16,54
F,1968-12-20,54
M,1973-09-29,73
M,1961-09-16,42
F,1941-01-27,37
M,1941-02-25,37
M,1936-01-19,11
F,1978-02-14,38
M,1963-12-21,42
M,1950-03-19,30
F,1942-09-15,30
M,1919-09-12,23
F,1919-04-21,23
F,1943-10-28,62
M,1953-01-15,38
M,1974-04-23,73
F,1954-07-21,63
M,1975-10-07,16
M,1945-02-24,1
F,1976-08-31,43
F,1930-10-02,40
F,1966-07-30,1
F,1959-02-12,54
M,1952-04-23,54
F,1952-10-24,14
M,1952-04-16,1
M,1919-03-28,25
F,1919-10-07,25
M,1970-10-30,1
M,1952-11-29,5
F,1960-08-13,5
M,1954-11-06,74
F,1945-01-19,11
M,1938-05-05,11
M,1957-04-21,5
F,1949-07-01,5
F,1978-04-03,74
F,1965-09-01,70
M,1954-02-28,54
F,1956-04-23,54
F,1942-08-03,41
F,1924-02-13,11
F,1940-03-08,49
M,1943-08-14,58
F,1965-10-26,53
F,1967-01-16,39
F,1972-11-17,53
M,1971-04-07,42
F,1975-10-31,1
F,1954-08-24,73
F,1980-07-04,66
M,1962-12-28,4
F,1977-03-03,18
F,1974-06-08,24
M,1969-09-13,24
M,1932-02-25,72
F,1952-05-02,74
M,1957-10-18,74
F,1940-10-11,56
M,1949-12-15,40
F,1947-07-13,40
F,1973-04-13,35
M,1973-12-20,35
M,1919-04-03,36
M,1965-02-16,54
M,1975-07-18,57
F,1969-11-25,57
F,1947-10-17,11
F,1973-09-30,54
M,1978-06-01,35
F,1985-03-18,35
F,1963-08-07,70
M,1979-06-24,66
M,1947-03-05,20
F,1951-05-02,1
F,1971-09-05,12
M,1918-11-14,64
M,1970-05-07,70
M,1978-02-07,73
M,1980-06-16,42
F,1987-09-27,42
M,1941-10-16,46
M,1951-09-25,3
F,1979-04-05,70
M,1973-11-08,15
M,1962-09-07,71
F,1956-09-20,71
F,1945-05-27,4
M,1958-02-18,30
F,1959-08-08,30
M,1942-01-12,43
M,1967-01-27,62
F,1938-02-13,1
M,1958-02-09,75
F,1934-12-06,1
M,1977-04-06,57
F,1979-03-26,17
M,1957-10-01,70
F,1949-04-21,54
M,1954-12-24,1
M,1928-03-21,27
M,1976-09-12,25
M,1974-07-17,19
F,1975-08-28,19
M,1950-08-02,56
F,1949-10-17,11
M,1957-02-28,11
F,1945-01-21,54
F,1923-06-14,75
M,1953-06-30,33
F,1964-08-30,14
M,1965-10-11,14
M,1958-02-22,54
F,1965-03-18,54
F,1979-03-02,1
M,1953-01-14,43
M,1942-04-17,30
F,1936-05-31,1
M,1939-12-06,1
F,1933-12-31,68
F,1975-02-23,1
F,1937-04-23,52
F,1952-09-29,1
F,1946-05-11,70
M,1948-05-21,70
F,1954-12-08,32
M,1957-03-13,19
F,1968-01-05,60
M,1965-08-28,37
M,1926-05-30,1
F,1933-09-19,1
F,1951-04-10,15
M,1957-11-10,15
F,1941-02-09,71
M,1940-12-02,70
M,1972-04-30,44
M,1922-05-27,77
M,1962-03-09,77
M,1959-09-06,1
M,1955-10-09,1
M,1966-08-13,76
M,1920-10-16,19
F,1922-11-18,19
F,1970-12-27,8
F,1965-05-04,69
M,1969-07-02,42
F,1941-05-10,64
M,1949-07-11,64
F,1970-09-11,39
M,1938-04-01,77
M,1969-03-16,19
M,1960-06-07,29
M,1964-03-21,51
M,1952-08-03,54
F,1953-01-14,54
M,1952-01-25,40
M,1977-12-06,20
F,1961-08-20,1
F,1946-12-02,32
M,1970-11-09,38
F,1965-02-13,38
M,1939-10-26,13
M,1963-09-11,74
M,1946-05-25,49
M,1922-07-20,70
F,1918-02-05,70
F,1975-01-02,61
F,1971-09-07,58
F,1953-06-24,68
F,1955-09-02,33
M,1949-12-15,74
F,1928-05-17,8
M,1964-07-20,4
M,1963-02-02,57
M,1964-04-29,6
F,1945-11-20,68
M,1974-05-21,15
F,1977-07-06,15
M,1978-08-11,77
F,1970-10-06,73
M,1973-03-15,54
F,1971-09-18,16
M,1920-06-14,43
M,1935-02-24,56
F,1963-12-01,1
F,1971-03-21,50
M,1973-05-12,37
M,1922-08-20,55
M,1946-04-16,51
F,1944-05-02,1
M,1920-08-31,36
M,1936-08-04,51
F,1934-05-01,51
M,1939-09-02,10
F,1941-08-19,10
F,1961-08-15,1
M,1966-11-01,68
M,1971-02-28,3
F,1924-03-15,1
M,1975-05-03,1
F,1937-09-08,5
F,1969-09-14,54
M,1940-11-16,44
F,1965-12-21,22
M,1968-02-06,22
M,1927-11-27,6
F,1928-11-24,6
F,1928-07-01,54
F,1939-10-23,57
M,1944-02-02,57
M,1931-04-05,1
F,1926-11-22,1
M,1948-03-23,62
M,1962-07-29,44
F,1932-02-19,65
M,1948-03-09,1
M,1941-01-25,1
M,1933-04-09,67
F,1945-04-27,15
M,1970-06-17,25
F,1928-12-18,48
F,1972-02-09,8
F,1946-02-17,19
F,1937-10-12,9
F,1939-03-15,1
F,1942-12-15,31
M,1927-10-20,72
F,1930-08-07,72
F,1929-04-27,6
M,1967-12-23,33
M,1955-02-17,38
F,1942-09-09,15
M,1941-03-25,15
F,1968-10-02,29
M,1943-04-11,60
F,1939-12-01,60
F,1953-11-04,76
F,1961-07-13,73
F,1976-09-23,23
M,1930-09-28,74
F,1925-03-30,74
F,1961-05-07,13
M,1965-01-01,28
M,1975-03-22,74
F,1933-08-17,10
M,1923-09-11,66
F,1931-03-02,66
F,1943-07-26,46
M,1938-08-03,19
F,1940-12-10,19
M,1954-06-13,42
M,1934-07-24,71
M,1958-06-06,63
F,1946-07-29,18
M,1947-12-09,66
F,1955-10-26,66
M,1919-05-08,36
F,1972-05-27,30
F,1962-09-04,19
M,1969-02-12,19
F,1971-10-09,43
M,1974-07-04,1
F,1964-04-14,77
F,1954-11-30,51
M,1953-02-21,54
M,1955-08-09,40
M,1937-09-14,21
M,1939-07-21,66
F,1938-04-17,66
F,1965-04-20,28
F,1982-02-27,1
F,1981-06-08,18
F,1927-02-26,11
M,1947-12-13,42
F,1923-11-28,64
M,1921-11-19,64
F,1943-09-29,15
M,1933-10-14,72
M,1923-06-25,1
F,1921-01-31,1
M,1978-05-19,46
M,1959-01-10,64
F,1943-12-11,49
M,1928-04-17,73
M,1978-07-24,75
F,1979-02-01,75
M,1961-08-27,19
M,1980-11-11,26
M,1951-06-14,75
M,1975-02-26,34
F,1943-06-16,33
M,1948-08-23,33
M,1980-01-03,3
F,1959-10-25,10
M,1918-02-17,64
M,1918-10-01,35
M,1920-02-20,1
F,1917-01-03,1
F,1924-03-01,25
M,1968-02-06,59
F,1925-08-26,62
M,1921-05-18,62
M,1924-04-05,58
F,1930-11-10,42
M,1974-07-09,65
M,1932-11-25,51
M,1931-09-22,27
F,1947-06-25,69
M,1951-03-19,69
M,1971-09-18,70
F,1972-12-23,70
M,1962-08-22,10
F,1980-09-17,44
M,1943-07-16,10
F,1948-12-06,10
F,1951-12-07,1
F,1980-11-10,17
M,1952-03-18,70
F,1965-10-14,10
M,1960-09-16,10
F,1934-08-12,1
M,1931-04-23,72
F,1923-04-07,72
M,1921-04-26,1
F,1924-01-12,1
F,1977-02-22,74
F,1961-12-31,16
M,1974-03-06,74
F,1962-10-11,61
M,1972-02-06,49
F,1975-05-02,49
F,1979-07-12,9
M,1960-08-02,44
M,1965-04-17,18
M,1922-03-31,15
F,1920-04-29,15
M,1934-10-04,55
F,1939-04-11,55
F,1954-01-16,9
M,1971-04-25,44
M,1968-08-08,1
F,1976-05-24,1
F,1954-05-06,73
M,1952-11-27,76
M,1931-06-15,17
M,1962-04-11,69
F,1965-06-04,1
M,1941-06-24,74
F,1958-03-16,46
M,1955-05-03,46
M,1928-01-25,59
M,1968-05-07,25
F,1969-05-30,56
F,1944-02-23,41
F,1953-10-01,8
M,1953-04-15,74
M,1925-01-30,71
F,1929-06-29,71
M,1930-08-30,54
F,1936-12-07,54
F,1954-12-16,64
F,1956-04-29,1
M,1968-09-01,18
F,1925-09-23,57
M,1970-01-13,33
M,1936-01-06,66
F,1941-08-22,66
F,1945-08-07,59
M,1946-08-27,66
F,1946-05-09,1
M,1943-12-02,15
M,1938-01-17,18
F,1932-07-22,18
M,1948-04-30,12
F,1978-03-31,1
F,1956-08-21,3
M,1929-11-03,46
M,1936-05-04,16
F,1961-11-27,56
M,1958-11-06,56
F,1971-01-19,2
M,1975-01-25,66
M,1964-12-02,1
F,1930-03-05,59
F,1943-03-21,65
M,1938-10-03,1
M,1966-10-12,33
F,1961-02-06,33
F,1959-04-14,1
F,1947-07-13,1
F,1951-07-09,37
F,1971-10-03,12
M,1922-04-16,5
F,1963-09-14,53
M,1961-10-12,53
M,1955-01-04,18
M,1975-08-05,48
F,1959-02-18,60
F,1977-08-12,38
M,1978-01-29,38
F,1956-01-24,45
F,1980-03-10,1
M,1936-09-07,14
F,1944-03-04,14
M,1957-09-10,54
F,1925-01-03,35
M,1942-03-27,48
F,1936-08-23,48
F,1964-07-29,33
M,1922-10-29,1
M,1928-11-27,46
M,1978-07-09,74
F,1975-09-04,74
M,1949-05-15,6
M,1977-11-22,37
F,1975-03-12,17
M,1980-09-10,1
F,1968-07-08,1
M,1974-11-08,1
F,1920-07-18,66
M,1920-07-10,13
F,1978-05-07,21
F,1955-07-05,56
M,1964-10-17,66
M,1936-08-28,48
M,1939-03-18,72
M,1972-09-21,74
F,1951-06-20,39
F,1976-05-06,37
M,1982-05-03,12
M,1953-06-29,3
F,1951-07-14,3
F,1954-11-17,1
M,1929-03-24,2
F,1954-06-15,38
M,1948-08-15,38
M,1925-07-28,67
M,1930-07-15,1
F,1933-04-11,1
M,1942-12-20,68
F,1967-06-27,54
F,1947-11-07,33
M,1943-01-24,57
M,1952-06-20,6
M,1967-02-08,1
F,1978-08-25,2
M,1945-09-13,1
F,1969-04-12,28
M,1966-01-26,1
F,1937-10-21,77
M,1942-07-28,71
F,1936-05-24,71
M,1939-05-16,22
M,1953-11-26,48
M,1956-12-08,63
M,1971-01-07,41
F,1965-04-20,41
M,1921-03-08,33
F,1923-05-05,33
M,1972-03-13,59
F,1968-02-24,18
M,1918-02-11,11
F,1925-09-04,11
M,1935-03-01,19
F,1976-09-12,1
F,1931-05-12,50
M,1948-11-21,77
F,1921-08-22,39
M,1929-10-27,65
F,1937-07-05,65
F,1933-06-12,50
M,1919-07-08,26
M,1976-06-26,74
F,1942-04-21,4
F,1963-12-26,71
M,1959-05-09,1
F,1980-07-11,27
F,1959-09-14,6
F,1938-08-14,45
F,1932-12-11,1
F,1957-01-26,45
M,1961-11-20,45
F,1952-09-12,10
F,1980-07-04,59
M,1959-08-30,24
M,1939-03-20,29
F,1944-06-09,1
F,1952-12-03,72
F,1948-06-14,18
M,1941-05-03,18
M,1938-04-10,74
F,1951-01-27,11
F,1947-07-13,40
F,1939-10-27,1
M,1931-11-17,1
M,1977-11-06,75
F,1977-07-03,75
M,1962-11-14,66
F,1946-02-24,17
F,1971-08-08,4
M,1979-03-25,4
M,1930-04-19,8
F,1960-12-16,23
F,1942-08-10,61
F,1930-07-27,1
M,1923-05-22,1
F,1956-09-13,38
F,1961-08-24,29
F,1947-05-07,45
M,1942-05-10,45
M,1965-09-27,18
M,1963-11-18,72
F,1940-01-17,70
F,1965-07-17,8
M,1920-01-17,67
F,1916-10-27,67
M,1958-10-22,3
M,1958-12-14,75
M,1979-04-19,1
M,1969-12-26,1
M,1941-01-21,29
F,1945-05-03,29
M,1923-10-03,5
F,1951-03-28,16
F,1948-01-17,57
F,1919-09-20,55
M,1943-09-23,55
F,1951-04-12,55
F,1949-12-20,65
F,1948-03-18,1
F,1939-01-15,29
M,1935-08-05,29
M,1936-12-23,64
F,1954-12-09,1
M,1929-11-25,73
F,1923-09-16,73
F,1919-08-23,37
F,1952-10-13,31
F,1945-03-07,1
M,1951-08-01,8
F,1920-08-24,52
M,1977-01-05,20
F,1970-08-27,47
M,1967-12-28,47
M,1974-01-10,5
M,1942-06-17,35
F,1925-08-13,44
F,1958-01-21,28
F,1928-04-08,1
M,1935-10-20,1
M,1971-01-09,56
F,1936-08-14,45
M,1972-10-01,54
F,1948-02-23,61
F,1928-08-08,77
M,1957-11-01,74
M,1921-01-17,1
F,1921-10-15,1
M,1939-10-06,59
F,1946-09-07,59
M,1968-10-15,12
M,1939-11-27,71
F,1962-04-08,36
M,1963-06-09,36
M,1980-01-22,27
M,1953-11-06,40
M,1952-08-13,53
M,1945-12-04,1
M,1936-01-01,8
F,1931-10-25,8
M,1975-05-11,1
M,1967-05-25,23
F,1979-05-23,44
M,1974-08-26,44
M,1924-03-21,38
F,1920-07-22,38
F,1965-12-28,52
F,1925-06-09,14
M,1957-10-31,64
F,1960-05-31,64
F,1975-06-02,21
M,1971-08-12,21
F,1946-04-30,37
F,1970-07-15,30
M,1964-01-06,8
F,1943-04-03,53
M,1952-11-28,74
M,1974-02-07,76
M,1942-05-07,74
M,1963-05-16,1
F,1969-10-07,1
F,1960-09-26,18
M,1955-06-15,18
F,1951-02-19,4
F,1980-08-09,46
M,1966-02-20,1
M,1930-06-01,1
F,1982-08-20,1
M,1938-08-24,68
F,1954-07-19,1
M,1967-09-13,43
M,1975-09-27,8
M,1970-12-15,18
F,1928-10-14,54
M,1953-07-13,1
M,1979-06-16,19
F,1919-01-15,45
F,1926-05-22,1
F,1964-03-13,1
F,1979-04-16,75
M,1960-11-07,67
F,1974-09-04,53
M,1980-03-27,53
M,1973-02-03,29
M,1967-05-17,11
F,1948-11-10,71
F,1980-03-07,14
F,1965-01-31,21
F,1948-08-15,1
F,1947-07-16,36
F,1927-01-05,13
F,1950-06-03,59
F,1976-01-16,30
M,1957-10-22,40
M,1956-01-29,69
F,1920-06-29,25
M,1949-04-23,8
F,1957-08-12,30
F,1978-05-07,25
M,1948-11-07,23
F,1951-05-08,23
M,1966-06-29,4
F,1948-06-17,4
F,1957-12-19,62
F,1956-10-09,56
F,1951-12-06,1
M,1980-09-06,17
F,1972-12-27,65
F,1971-05-25,13
M,1964-05-15,13
F,1980-09-07,3
M,1945-09-16,11
F,1953-03-31,45
M,1948-12-10,45
M,1926-02-10,1
F,1925-05-17,1
M,1964-10-16,3
F,1971-10-07,3
F,1945-09-24,76
F,1965-06-28,16
M,1970-08-08,16
M,1967-01-03,17
F,1976-09-21,44
M,1975-05-22,67
F,1964-08-02,35
M,1925-10-15,51
M,1937-07-17,58
F,1930-08-20,58
F,1976-07-09,25
F,1966-10-22,1
F,1961-05-17,59
M,1954-01-26,59
M,1939-09-04,1
F,1953-05-09,70
F,1930-04-29,44
F,1944-12-18,1
M,1937-01-28,1
M,1923-11-24,4
M,1945-09-13,4
M,1948-12-30,47
M,1949-10-06,74
F,1950-10-17,74
F,1929-09-23,70
F,1959-02-08,72
F,1953-06-01,74
F,1952-07-26,63
F,1922-06-11,70
M,1924-05-11,54
F,1954-06-21,44
M,1978-12-24,8
M,1950-08-08,71
F,1966-02-16,61
M,1972-02-08,61
M,1942-06-27,73
F,1936-11-28,30
F,1959-07-08,21
M,1924-06-25,11
M,1959-03-07,68
F,1959-05-23,68
F,1942-12-15,45
M,1941-05-08,45
M,1955-02-10,24
F,1958-06-08,24
F,1944-09-18,8
M,1969-11-17,49
F,1955-03-06,68
M,1951-06-04,23
M,1955-06-29,27
F,1943-09-26,21
M,1978-06-03,9
F,1961-01-15,58
F,1968-01-30,74
M,1957-10-05,55
F,1952-12-04,55
F,1941-12-22,63
F,1946-02-16,64
F,1948-12-18,68
M,1947-02-27,68
M,1971-06-22,23
F,1982-09-07,29
F,1933-11-11,14
M,1946-09-29,1
M,1979-12-19,2
M,1974-09-14,25
F,1980-03-16,25
M,1938-03-28,13
F,1945-05-03,12
M,1955-03-13,74
F,1970-05-07,1
F,1969-08-15,4
M,1965-05-19,4
M,1919-04-10,23
F,1980-11-15,16
M,1936-11-09,1
M,1954-09-09,49
F,1926-01-26,43
M,1953-08-11,63
M,1974-11-28,38
F,1947-09-09,76
M,1964-02-09,63
M,1943-03-27,33
M,1936-11-24,36
F,1918-07-01,53
M,1978-06-17,28
F,1962-02-20,62
M,1961-03-06,62
M,1923-02-12,23
M,1969-09-18,39
F,1966-11-12,39
F,1963-11-10,19
F,1922-04-17,31
M,1975-09-09,74
F,1970-05-26,74
F,1952-03-31,75
M,1976-06-02,48
M,1962-10-15,42
F,1965-03-22,42
F,1954-02-12,1
M,1959-01-06,31
M,1949-08-30,21
F,1968-09-18,11
M,1969-07-20,74
M,1963-10-04,70
M,1970-03-18,9
M,1960-06-11,36
M,1955-08-24,27
F,1955-09-11,27
F,1922-12-02,73
F,1955-06-13,9
M,1972-12-23,64
F,1968-02-08,64
M,1979-03-07,1
F,1977-08-10,1
F,1926-07-17,73
M,1927-06-07,73
M,1956-04-12,32
F,1953-10-25,32
M,1923-05-13,1
F,1962-11-02,5
M,1972-05-09,1
F,1920-07-10,35
M,1913-12-06,35
F,1969-06-27,16
F,1972-09-09,22
M,1951-06-07,4
F,1924-10-22,45
M,1955-03-13,53
M,1947-02-26,1
F,1949-05-31,6
F,1980-02-19,58
M,1983-08-27,58
M,1980-05-18,1
F,1945-04-29,1
F,1978-06-04,52
M,1927-02-11,63
F,1965-01-06,13
M,1922-08-31,32
M,1935-12-25,34
M,1926-08-31,32
M,1920-07-29,54
M,1932-06-17,63
F,1964-05-15,76
M,1941-06-23,16
F,1940-11-13,16
F,1975-04-26,8
F,1964-04-23,51
M,1978-10-14,38
F,1967-08-28,25
M,1976-08-17,1
M,1941-12-07,64
M,1942-11-17,17
F,1957-01-06,32
M,1931-11-21,72
F,1937-02-28,8
F,1940-01-03,63
M,1945-07-30,63
F,1951-01-16,55
F,1954-10-17,23
M,1961-12-19,23
M,1977-07-19,3
F,1970-05-20,3
F,1967-01-08,1
M,1960-06-03,1
M,1935-02-05,30
M,1942-10-09,22
M,1938-03-02,70
F,1933-02-23,70
M,1979-09-15,40
F,1973-04-17,22
M,1945-05-27,53
F,1925-06-27,64
M,1921-07-03,64
F,1952-06-08,49
F,1951-06-25,9
F,1939-10-06,48
F,1944-01-04,51
M,1963-09-15,33
F,1941-09-26,63
M,1928-08-16,60
M,1970-05-30,54
F,1977-04-03,42
M,1977-08-08,76
M,1957-04-08,31
F,1963-12-24,51
M,1961-10-05,36
F,1961-11-11,74
F,1959-08-08,1
M,1971-02-15,70
M,1938-02-15,46
F,1972-11-08,70
F,1975-11-15,9
F,1962-01-17,42
F,1923-07-31,16
F,1971-04-26,41
M,1920-12-11,70
F,1960-10-21,46
F,1950-03-30,20
M,1954-04-27,20
M,1958-01-26,7
F,1922-08-12,68
M,1919-09-23,68
F,1980-09-09,36
F,1975-01-16,26
F,1975-05-07,9
M,1977-05-21,52
F,1961-09-06,72
M,1960-04-26,44
F,1953-05-28,44
F,1936-05-19,16
M,1972-03-05,65
F,1925-06-28,66
M,1957-03-29,70
F,1968-06-29,1
F,1966-05-11,44
F,1949-06-16,10
M,1967-06-01,12
F,1924-08-04,34
F,1925-04-24,59
F,1972-06-26,73
F,1971-06-21,74
M,1978-01-19,59
F,1974-01-26,1
F,1936-04-21,24
M,1928-06-11,24
F,1955-09-07,45
F,1972-02-05,58
M,1964-07-23,58
F,1978-08-30,42
F,1976-11-29,18
F,1937-05-24,70
F,1957-06-26,49
F,1973-08-05,74
M,1979-11-05,74
M,1949-11-18,33
M,1949-10-13,51
F,1944-01-08,55
M,1931-04-13,54
M,1932-06-09,3
M,1924-09-05,27
M,1946-11-26,68
F,1945-12-28,68
F,1965-09-28,6
F,1953-10-07,62
F,1946-03-08,70
M,1981-11-23,66
M,1947-03-09,32
F,1951-05-07,58
M,1952-07-19,72
F,1959-12-16,4
M,1956-06-22,4
M,1960-03-16,18
M,1925-11-06,57
F,1928-10-16,57
M,1920-04-18,33
F,1977-09-15,50
F,1977-11-15,1
F,1956-05-03,14
F,1944-01-04,30
F,1978-03-05,21
F,1945-06-15,5
F,1939-06-21,40
M,1940-10-17,40
M,1977-04-14,1
F,1970-01-10,44
F,1979-04-26,39
F,1925-05-30,65
M,1981-04-12,59
F,1979-10-20,72
F,1968-02-21,53
F,1925-05-24,58
F,1959-04-25,74
F,1943-08-26,1
F,1978-10-11,53
F,1942-09-11,43
M,1946-11-06,43
F,1958-11-04,66
F,1973-10-18,19
M,1970-10-01,19
M,1924-03-20,40
F,1918-07-22,40
M,1947-07-19,55
M,1930-09-20,1
F,1937-08-23,1
F,1976-06-13,59
F,1947-05-18,64
M,1921-07-02,33
M,1959-09-03,5
M,1936-01-11,57
M,1958-04-20,1
F,1954-02-19,1
F,1924-12-25,54
F,1969-08-02,19
M,1966-04-21,48
M,1944-10-25,30
F,1977-09-15,59
F,1949-07-18,1
M,1964-05-01,76
F,1918-04-07,63
F,1929-08-09,27
M,1925-06-15,54
F,1974-09-29,18
F,1973-09-20,3
F,1926-06-20,54
F,1978-04-17,3
F,1959-08-22,1
M,1966-08-20,1
M,1971-07-24,72
F,1979-09-19,28
M,1986-08-13,28
F,1938-12-29,1
M,1942-10-24,70
M,1950-08-02,64
F,1965-07-10,19
M,1955-05-04,46
M,1943-09-16,50
F,1951-07-01,50
M,1977-12-05,22
M,1961-05-12,10
M,1982-03-30,14
F,1977-10-21,32
M,1965-06-15,53
M,1939-06-28,59
M,1968-12-12,32
M,1933-10-11,3
M,1951-12-20,51
M,1954-03-05,70
M,1978-01-31,48
M,1931-05-13,1
M,1959-01-25,56
M,1980-10-20,18
M,1963-08-01,21
F,1973-01-12,10
F,1972-10-02,21
F,1945-12-27,53
M,1946-02-18,52
F,1936-09-16,4
F,1926-07-01,10
F,1972-04-29,7
F,1941-09-11,1
F,1975-12-30,64
F,1958-05-16,36
F,1974-11-07,63
M,1973-11-26,63
M,1958-07-23,77
F,1967-11-20,61
F,1959-08-29,54
M,1968-07-20,8
M,1929-04-11,23
F,1938-10-19,36
F,1951-04-09,31
F,1959-04-17,47
M,1954-11-01,1
M,1975-07-06,70
M,1923-05-19,62
F,1928-01-22,62
F,1976-01-12,24
M,1950-01-02,54
F,1952-11-26,54
M,1977-05-04,74
M,1933-06-19,50
M,1977-07-09,4
M,1970-12-25,67
M,1976-04-24,1
M,1970-05-19,28
M,1957-05-06,55
F,1944-06-27,1
F,1943-07-31,76
M,1918-05-24,27
M,1933-05-06,21
F,1936-10-15,21
F,1969-09-13,26
M,1940-11-03,30
M,1954-03-09,38
M,1945-04-02,64
F,1938-06-27,64
M,1930-09-30,58
F,1964-03-14,1
M,1968-02-22,1
M,1964-03-29,64
F,1965-10-30,64
M,1920-04-28,27
F,1961-10-26,70
M,1957-12-04,70
M,1975-03-25,70
M,1948-12-26,33
F,1943-10-07,33
F,1921-04-29,23
M,1969-03-28,77
F,1964-04-14,77
F,1950-10-11,71
M,1957-08-16,71
F,1942-05-02,72
M,1949-11-08,8
F,1949-01-05,67
F,1927-10-19,50
F,1924-06-08,70
F,1976-05-29,61
M,1976-02-09,61
M,1976-07-29,70
M,1936-10-23,30
M,1943-01-17,1
F,1950-12-23,22
F,1962-05-21,1
M,1957-02-24,1
F,1957-04-22,54
M,1977-09-13,1
M,1923-08-17,76
M,1964-11-19,53
M,1937-06-02,74
F,1922-10-07,75
F,1944-11-17,20
M,1944-05-04,20
F,1973-02-28,8
F,1975-06-11,64
M,1965-07-25,74
M,1944-12-27,1
F,1964-12-09,3
M,1927-01-13,3
M,1957-01-18,74
F,1952-05-14,74
F,1958-07-24,2
M,1963-03-30,74
M,1975-06-16,1
M,1979-01-17,56
F,1966-08-29,63
M,1955-04-11,37
M,1919-07-20,36
F,1914-06-14,36
M,1974-08-14,22
F,1971-04-03,22
M,1948-03-24,76
F,1956-02-18,76
F,1977-07-13,2
F,1965-09-08,16
M,1947-10-05,33
M,1952-11-09,54
M,1979-04-11,66
M,1971-02-19,10
F,1964-09-14,10
M,1931-12-28,31
F,1929-09-28,31
M,1924-08-12,17
F,1947-03-18,70
M,1932-01-10,21
F,1928-05-28,21
F,1965-11-24,33
M,1966-07-06,33
F,1954-11-30,11
M,1970-08-03,1
M,1921-11-14,54
F,1920-03-12,54
F,1938-12-28,34
F,1945-04-27,51
M,1963-10-19,1
M,1940-12-25,65
F,1920-09-28,59
F,1961-09-27,1
F,1952-04-04,39
F,1951-10-31,70
F,1957-06-28,1
M,1943-09-09,1
F,1950-11-01,68
M,1952-03-09,68
M,1957-07-14,77
F,1964-07-17,77
F,1970-04-24,70
F,1963-02-04,1
M,1922-01-09,28
M,1976-09-16,37
F,1984-09-18,37
F,1964-06-25,64
M,1953-10-09,39
M,1980-01-29,64
M,1954-12-24,38
F,1931-12-03,1
M,1947-10-14,41
M,1942-12-12,55
M,1936-01-16,69
F,1971-03-02,32
M,1954-02-06,29
M,1941-12-01,1
F,1955-06-13,52
F,1936-01-20,3
F,1951-04-20,23
F,1943-12-30,9
M,1958-01-05,7
F,1920-10-30,10
F,1942-10-17,72
M,1924-04-29,60
F,1919-02-28,60
F,1945-02-23,1
M,1937-07-24,70
M,1960-08-07,52
M,1970-05-31,74
F,1932-10-24,44
M,1928-09-27,44
F,1958-03-09,35
M,1963-10-20,9
F,1968-06-29,40
M,1965-10-11,25
F,1971-07-25,10
M,1975-08-25,10
M,1948-03-03,14
M,1937-02-12,70
M,1982-04-26,70
F,1971-07-09,6
F,1939-11-03,1
M,1967-11-07,1
F,1936-05-21,28
F,1955-10-12,5
F,1966-11-12,20
F,1964-09-20,36
M,1958-06-27,53
F,1949-07-25,64
M,1976-12-27,15
F,1939-07-01,74
F,1944-11-24,30
F,1956-06-16,1
M,1918-10-12,44
F,1941-08-24,61
F,1949-06-24,7
F,1948-09-10,9
M,1951-08-13,9
F,1978-05-06,36
F,1976-11-05,53
F,1976-09-15,2
M,1936-03-17,1
M,1933-08-19,43
F,1955-03-29,1
M,1932-07-03,72
M,1940-11-25,1
F,1940-11-29,1
F,1973-08-31,74
F,1952-05-19,1
F,1941-04-12,25
M,1947-12-05,25
M,1967-03-13,70
M,1935-04-02,1
F,1934-04-04,1
F,1946-07-26,69
M,1968-10-02,67
F,1980-09-09,18
M,1937-10-14,8
F,1976-11-16,74
M,1945-01-18,41
F,1976-12-19,7
F,1966-01-02,34
F,1953-05-10,1
F,1960-09-23,44
M,1951-07-31,56
M,1977-12-20,45
F,1972-03-27,45
F,1941-02-20,77
F,1940-11-01,54
M,1946-02-10,54
F,1972-05-25,50
M,1967-05-09,68
F,1966-05-24,48
M,1967-03-04,48
F,1947-11-24,3
M,1942-03-24,1
F,1938-05-31,1
M,1923-05-10,76
F,1915-09-27,76
F,1933-04-01,8
M,1928-04-18,1
F,1980-10-31,62
F,1940-03-09,67
M,1936-02-28,67
M,1977-09-22,48
M,1969-02-13,61
F,1968-02-26,33
M,1980-05-16,20
F,1956-05-07,75
M,1958-02-12,33
F,1960-08-03,33
F,1969-07-21,1
M,1931-01-19,20
M,1978-08-20,8
M,1964-01-24,33
F,1928-06-25,45
F,1965-07-15,54
M,1979-01-24,2
M,1962-02-26,53
F,1946-12-18,4
F,1950-02-15,2
M,1947-10-14,2
M,1942-09-16,1
M,1941-09-13,15
M,1935-10-11,33
F,1959-04-14,50
F,1975-07-06,60
F,1944-05-11,1
F,1927-02-10,1
M,1942-10-29,72
M,1921-08-05,38
F,1926-08-27,9
M,1928-06-12,9
M,1941-04-26,25
F,1938-06-25,25
F,1968-08-14,51
M,1972-07-27,51
M,1949-08-28,44
M,1952-08-16,69
F,1978-12-27,59
M,1975-10-02,23
F,1921-09-29,3
M,1968-12-06,21
M,1948-01-31,20
F,1979-05-24,72
F,1949-10-08,1
M,1953-08-11,1
M,1956-08-02,51
F,1953-03-05,1
M,1964-07-14,62
M,1944-07-02,39
F,1947-12-19,16
M,1940-09-11,16
M,1963-04-26,50
F,1962-08-26,66
M,1964-01-28,66
F,1955-04-06,76
M,1943-03-02,42
F,1943-04-15,42
M,1925-12-11,52
F,1933-04-12,52
F,1957-09-25,27
M,1963-03-31,45
F,1963-11-12,13
F,1937-06-15,70
M,1941-06-28,22
F,1955-04-29,12
M,1955-09-12,1
F,1943-07-11,58
M,1940-11-05,58
M,1950-07-14,18
M,1978-04-16,54
F,1961-05-09,52
M,1955-07-23,52
F,1960-06-06,37
F,1918-11-04,13
M,1911-08-20,13
F,1976-08-12,15
F,1933-08-02,10
M,1944-08-09,32
M,1932-11-22,2
M,1937-02-18,23
F,1946-05-06,33
F,1956-03-21,65
M,1972-01-28,8
F,1941-02-06,1
F,1973-10-14,53
M,1945-11-17,34
F,1952-07-04,34
F,1970-11-23,74
M,1970-10-31,74
M,1945-07-07,18
M,1920-05-04,68
F,1973-02-11,52
M,1918-03-17,70
M,1955-07-17,1
M,1925-03-21,72
F,1922-10-23,72
F,1943-05-28,56
F,1981-06-01,24
F,1960-03-08,37
M,1977-06-12,28
F,1929-07-29,74
F,1949-04-13,61
M,1956-09-25,61
M,1929-12-18,6
F,1948-08-04,68
F,1941-07-20,39
F,1922-04-27,76
M,1928-01-26,76
F,1948-01-19,57
M,1962-04-04,70
M,1973-01-08,35
M,1939-10-09,7
F,1934-02-18,7
F,1939-12-28,27
F,1954-09-05,71
F,1950-01-08,22
M,1945-10-09,22
F,1973-01-09,50
M,1980-02-21,50
M,1935-03-27,70
F,1934-11-28,70
F,1971-02-13,76
F,1944-02-23,77
M,1979-10-15,54
M,1935-03-06,48
M,1967-05-27,22
F,1918-09-21,26
F,1960-04-03,1
F,1923-01-23,22
M,1924-12-13,22
F,1961-01-07,64
F,1950-01-29,6
F,1952-06-13,33
M,1951-08-14,59
F,1948-07-22,59
M,1974-12-22,1
F,1929-06-23,64
M,1922-03-07,64
M,1978-02-10,52
F,1972-02-01,54
F,1966-08-15,9
M,1966-12-28,25
F,1978-10-16,31
F,1920-12-08,42
M,1921-10-06,42
M,1938-08-16,54
M,1962-03-12,36
F,1980-04-27,39
F,1940-09-26,24
M,1946-02-09,75
M,1936-02-15,51
F,1957-05-25,20
F,1946-02-15,55
F,1945-11-16,20
F,1925-09-18,74
M,1928-03-11,7
F,1940-09-03,59
F,1962-01-02,37
F,1946-03-20,75
M,1953-08-14,75
M,1978-11-25,23
M,1971-07-06,75
M,1945-08-07,45
F,1930-02-07,51
F,1935-03-13,1
F,1944-02-01,19
M,1948-12-28,25
F,1981-11-24,23
M,1930-11-01,19
F,1935-01-26,19
F,1971-03-26,77
M,1925-06-26,1
M,1968-10-25,43
M,1962-02-28,54
M,1970-09-17,15
F,1974-03-04,15
M,1969-09-04,12
M,1932-03-13,1
M,1964-04-13,62
F,1969-09-19,2
F,1939-06-08,35
M,1945-10-13,35
M,1982-04-16,7
M,1940-03-05,54
F,1977-12-27,25
M,1958-08-14,27
F,1957-01-09,56
F,1971-02-28,30
M,1952-12-31,49
F,1967-03-13,56
M,1939-03-01,58
F,1977-11-01,57
F,1943-11-23,1
F,1974-03-02,1
M,1957-02-19,45
M,1978-12-21,36
M,1979-12-09,23
M,1969-03-08,26
F,1950-05-08,72
F,1961-04-19,38
F,1976-10-19,64
M,1974-05-31,64
M,1963-07-19,40
M,1939-01-09,52
M,1968-05-06,11
F,1951-05-26,49
M,1962-07-02,66
M,1951-06-18,45
F,1955-03-16,72
M,1976-02-09,9
M,1943-07-30,74
M,1981-07-30,1
F,1960-11-09,54
F,1979-02-25,60
M,1959-07-05,38
M,1982-04-07,58
M,1982-10-20,54
M,1946-10-10,6
M,1979-04-25,77
M,1982-07-31,54
M,1938-05-26,50
F,1968-07-20,64
F,1977-07-13,70
F,1962-06-30,5
M,1961-10-21,5
M,1981-01-18,36
M,1937-06-28,7
M,1935-09-04,28
F,1972-07-14,55
F,1973-06-27,1
M,1978-06-21,1
F,1977-07-17,65
F,1950-09-08,42
F,1972-09-22,27
M,1980-09-15,1
F,1946-01-05,1
M,1976-04-10,28
M,1980-01-15,1
M,1937-08-22,1
M,1951-01-19,62
F,1957-02-04,67
F,1975-09-10,21
F,1981-03-24,1
F,1961-10-31,1
F,1949-04-12,55
F,1947-10-06,50
M,1944-05-22,50
M,1959-12-12,50
M,1975-03-21,52
M,1965-04-03,43
F,1975-04-05,33
M,1963-12-24,70
M,1967-10-21,51
F,1959-08-10,66
F,1967-07-19,58
M,1979-05-05,5
F,1974-08-05,45
F,1953-05-19,54
M,1973-03-09,77
F,1966-06-07,77
F,1950-10-31,26
M,1962-12-18,15
F,1975-09-09,43
M,1964-12-02,39
F,1957-10-28,43
M,1971-11-30,9
F,1956-09-23,64
F,1949-09-18,63
M,1943-12-20,1
F,1961-01-10,74
F,1960-04-23,33
M,1954-04-19,33
F,1945-09-08,61
M,1963-01-22,47
F,1946-10-12,72
M,1980-10-10,1
M,1976-09-12,47
F,1973-10-15,47
F,1940-07-16,74
F,1977-01-11,2
M,1949-07-24,29
F,1948-04-06,74
M,1967-10-30,66
M,1978-06-03,25
M,1977-08-03,1
M,1940-02-17,74
M,1978-06-26,63
M,1970-04-18,2
F,1942-03-18,38
M,1982-05-15,70
M,1943-04-14,47
F,1971-01-05,5
F,1946-10-07,69
M,1948-09-16,69
F,1962-02-27,1
M,1959-01-10,39
M,1950-05-21,28
F,1968-11-07,44
M,1941-12-24,73
M,1982-03-10,17
F,1971-09-24,51
M,1971-01-02,77
F,1974-07-09,41
M,1947-01-08,71
F,1947-01-16,71
M,1968-03-28,74
F,1964-09-23,74
F,1951-04-07,17
M,1950-02-01,17
F,1956-03-13,73
F,1976-02-17,14
F,1970-09-18,66
M,1967-08-12,66
F,1967-05-29,39
M,1935-12-29,48
M,1961-05-02,1
F,1966-05-25,1
M,1949-03-31,41
F,1976-08-18,40
F,1967-05-22,48
F,1967-01-05,30
M,1942-08-31,54
M,1939-12-09,47
M,1964-03-14,62
F,1971-05-01,62
F,1971-09-20,60
M,1979-06-06,60
M,1947-11-26,63
M,1970-01-23,14
M,1978-03-20,60
M,1935-07-21,73
M,1974-02-01,67
M,1968-08-31,17
F,1955-03-28,16
M,1955-12-03,4
M,1962-06-01,45
F,1969-07-30,72
M,1967-03-23,72
F,1972-12-27,24
F,1968-05-29,30
F,1976-09-18,58
M,1948-03-25,15
M,1946-04-10,33
M,1935-07-19,61
M,1975-09-24,50
M,1957-01-25,18
M,1952-09-16,69
M,1940-08-28,8
M,1961-10-01,63
F,1968-09-20,9
M,1963-09-08,9
F,1944-05-27,68
F,1979-03-02,63
M,1956-05-10,53
F,1968-08-09,70
M,1945-10-27,33
F,1947-09-17,56
M,1964-03-13,57
F,1973-05-15,9
M,1947-03-19,27
F,1941-11-28,27
M,1953-03-29,12
M,1979-05-15,4
M,1935-06-05,74
M,1976-01-01,1
F,1966-12-22,3
F,1970-09-12,9
M,1951-02-16,77
F,1952-03-01,77
M,1980-08-06,4
F,1958-08-01,56
F,1953-03-22,63
F,1957-11-04,70
F,1955-03-02,8
M,1950-10-08,73
F,1959-11-22,2
F,1975-10-09,66
F,1959-10-07,64
M,1953-02-24,54
M,1953-05-16,1
M,1948-05-23,39
M,1948-05-08,66
F,1941-05-11,66
F,1960-01-15,46
M,1955-03-10,46
M,1962-05-04,72
F,1979-12-10,26
M,1968-09-09,15
F,1975-01-28,15
M,1952-07-17,52
F,1945-01-29,52
M,1964-04-22,47
F,1978-04-03,67
F,1979-04-06,5
M,1935-10-03,14
F,1970-09-10,42
M,1951-04-10,50
M,1979-05-31,43
F,1944-01-27,33
M,1937-05-01,60
M,1973-11-21,54
M,1966-05-27,1
M,1939-08-15,20
F,1958-07-03,1
M,1963-04-10,1
M,1963-10-12,53
M,1949-04-06,40
F,1950-03-13,70
F,1980-04-30,54
F,1958-12-28,43
F,1940-02-15,66
F,1953-12-25,13
F,1968-02-16,6
F,1956-12-19,54
M,1964-05-17,72
F,1940-10-15,1
M,1963-11-16,1
F,1948-03-05,58
M,1952-05-27,58
M,1952-12-24,74
M,1943-03-09,68
M,1940-04-04,5
F,1946-01-01,54
M,1941-05-21,54
F,1942-08-20,75
M,1942-10-10,1
M,1956-12-30,13
M,1936-08-09,1
F,1949-03-08,55
F,1957-01-27,77
M,1950-03-05,77
M,1954-06-04,8
M,1972-12-03,72
M,1976-07-06,64
F,1973-10-20,4
M,1966-02-21,49
M,1970-04-28,44
M,1970-01-07,15
M,1952-01-30,34
M,1956-06-29,47
M,1950-01-07,40
M,1960-09-23,28
M,1942-07-17,64
M,1944-02-23,70
M,1953-03-16,4
F,1940-09-30,76
M,1934-11-30,76
M,1951-05-20,3
F,1958-12-24,1
F,1962-05-21,48
M,1963-02-01,44
M,1970-11-04,1
M,1953-08-07,47
M,1974-08-04,66
F,1978-09-09,66
F,1963-08-22,1
F,1948-08-12,24
M,1955-02-21,71
F,1978-11-21,5
F,1971-03-24,72
M,1948-07-26,72
M,1954-06-03,57
M,1953-06-18,1
F,1943-12-18,43
F,1959-09-06,1
M,1942-10-15,43
F,1952-07-13,43
M,1957-12-27,15
M,1943-11-26,13
F,1943-09-29,9
M,1946-06-04,9
M,1962-05-23,15
M,1944-04-12,19
M,1979-03-26,57
F,1948-08-03,61
F,1980-12-07,5
M,1981-06-07,5
M,1969-04-28,59
F,1963-12-24,10
F,1971-09-05,53
F,1942-03-13,66
F,1951-03-22,1
M,1944-01-14,1
M,1971-06-24,42
M,1949-09-25,64
F,1939-04-27,14
M,1967-08-23,17
F,1959-02-27,52
M,1970-03-13,43
F,1970-01-29,74
M,1953-12-17,44
M,1965-04-05,38
M,1968-01-29,1
M,1967-06-30,70
F,1961-04-14,70
M,1940-06-30,77
F,1971-07-07,5
F,1961-09-23,30
F,1967-07-20,75
M,1961-06-24,76
M,1957-09-29,3
F,1963-09-16,45
M,1964-05-13,15
F,1944-06-01,27
M,1962-09-11,50
M,1965-08-04,28
F,1957-09-06,57
F,1970-02-10,47
F,1940-12-02,77
M,1938-09-16,1
M,1949-05-18,56
F,1963-03-18,1
M,1975-01-24,24
M,1959-05-22,49
F,1974-02-28,19
F,1977-10-26,6
F,1973-04-12,29
M,1937-11-04,1
F,1963-01-25,54
M,1955-10-17,54
M,1958-11-26,74
F,1964-09-08,74
F,1942-04-04,34
F,1957-04-16,67
F,1960-02-09,74
M,1937-03-15,5
M,1962-07-10,38
F,1973-01-28,56
F,1949-04-07,64
M,1977-03-05,64
M,1948-01-11,1
M,1953-04-05,26
M,1962-04-07,3
M,1946-04-01,12
F,1966-06-14,48
M,1968-02-23,48
F,1958-06-13,31
F,1978-09-23,70
F,1958-02-24,1
F,1976-12-30,1
M,1951-07-10,34
F,1975-09-27,50
M,1970-07-30,50
F,1957-08-30,16
F,1976-01-06,61
F,1946-01-19,4
M,1966-05-11,6
F,1964-01-30,7
M,1965-10-17,74
M,1959-03-12,72
M,1935-12-14,34
F,1966-10-24,38
F,1978-06-29,1
M,1967-11-20,74
M,1976-08-08,16
M,1942-06-22,43
M,1967-07-19,1
F,1966-11-29,54
M,1958-10-07,61
F,1950-07-27,16
M,1965-04-06,35
M,1971-02-10,5
F,1979-11-02,38
M,1963-03-12,72
F,1976-05-08,62
F,1944-05-31,1
M,1978-08-02,69
F,1979-06-08,43
M,1936-09-26,14
F,1951-01-23,15
F,1945-08-31,48
M,1966-02-01,60
M,1979-07-30,76
M,1969-09-04,3
M,1979-12-06,74
F,1975-09-15,74
F,1960-05-21,41
F,1966-05-08,36
M,1966-05-06,36
F,1968-01-06,38
M,1961-09-11,38
M,1947-09-04,75
F,1952-12-27,75
M,1943-04-19,51
F,1979-12-25,69
M,1947-05-24,55
F,1945-05-10,57
F,1971-12-03,1
M,1935-10-26,54
F,1957-12-31,46
F,1948-05-02,55
M,1948-10-26,55
F,1939-04-13,12
F,1941-11-12,71
F,1954-05-11,1
F,1971-08-28,7
F,1967-02-12,77
F,1943-01-07,5
M,1955-08-14,49
F,1962-07-12,49
F,1953-07-07,71
M,1953-08-10,10
F,1948-04-11,17
M,1948-07-10,17
F,1940-07-07,70
F,1953-04-11,11
M,1945-02-04,1
F,1940-10-09,1
F,1939-04-23,21
M,1962-02-09,68
F,1940-01-30,19
F,1939-12-25,64
F,1972-09-24,29
F,1956-05-07,31
M,1963-01-14,1
F,1955-08-26,39
M,1958-04-05,39
M,1946-11-06,4
F,1960-04-17,9
F,1958-10-26,63
M,1967-08-22,54
M,1972-12-10,43
F,1973-07-19,56
M,1975-06-26,72
M,1975-12-20,59
M,1974-03-22,16
M,1949-03-08,21
M,1950-04-10,1
F,1950-11-09,1
F,1970-11-09,62
M,1965-05-09,62
F,1945-03-22,72
F,1943-10-11,68
M,1942-05-05,68
F,1941-12-07,40
M,1978-09-26,46
F,1973-11-21,46
M,1958-08-21,1
F,1955-11-02,50
F,1947-05-15,13
F,1950-07-18,19
F,1942-04-14,2
F,1968-01-28,74
M,1949-02-16,52
M,1958-05-27,23
M,1962-09-19,74
M,1945-01-26,64
F,1937-09-03,64
M,1945-09-24,19
F,1944-11-13,19
M,1948-05-04,38
F,1970-02-19,60
M,1977-08-21,36
F,1951-11-16,33
F,1977-11-30,35
F,1952-11-10,52
M,1959-02-03,52
M,1954-12-05,34
F,1951-06-05,23
M,1969-02-17,27
M,1960-06-23,70
F,1961-03-05,70
F,1950-03-02,69
F,1968-01-21,59
M,1964-09-21,51
F,1960-03-17,51
M,1945-08-03,55
F,1943-06-15,55
F,1967-07-01,54
F,1967-03-17,9
F,1970-12-10,10
M,1942-12-08,36
M,1967-07-10,27
F,1967-07-19,47
M,1972-06-23,9
M,1941-10-15,74
F,1968-04-14,31
M,1960-04-20,31
F,1945-10-03,24
F,1950-06-19,73
M,1958-07-07,54
M,1962-06-07,67
F,1973-03-20,59
F,1968-10-30,37
M,1968-04-17,37
M,1965-10-29,45
F,1946-09-17,5
F,1963-05-23,64
M,1974-04-23,9
M,1964-07-01,48
F,1969-12-25,26
M,1973-06-27,26
F,1980-03-14,29
F,1976-02-06,1
M,1978-01-05,1
F,1965-07-25,4
M,1938-01-06,50
M,1976-05-24,31
F,1979-08-13,31
F,1980-02-16,13
M,1985-10-19,13
M,1975-10-27,59
F,1940-05-11,70
F,1958-09-27,51
M,1956-10-11,51
F,1970-01-25,77
M,1976-11-16,77
M,1979-06-19,1
F,1962-09-03,48
M,1959-06-07,48
M,1962-04-05,64
F,1961-09-14,29
M,1958-11-10,29
F,1976-07-10,14
F,1965-02-17,20
F,1943-08-15,20
F,1964-08-09,17
F,1948-08-28,51
M,1950-12-04,51
F,1955-10-20,2
M,1937-11-11,70
F,1945-01-26,23
M,1950-01-15,23
F,1980-09-12,54
F,1952-02-16,47
F,1945-02-23,14
M,1935-12-15,1
M,1949-01-07,68
F,1954-03-19,68
F,1942-11-09,74
M,1971-08-03,64
M,1954-01-29,2
F,1962-07-16,46
F,1949-08-25,60
M,1938-05-03,17
F,1943-04-28,17
F,1946-03-31,66
M,1971-08-04,53
F,1980-01-27,70
M,1976-03-19,70
F,1980-03-23,1
F,1979-05-13,1
M,1972-08-04,64
F,1957-11-23,1
M,1963-01-09,15
M,1942-02-20,28
M,1944-06-15,1
F,1961-10-03,62
M,1964-06-13,62
F,1972-02-06,1
M,1967-12-19,1
M,1947-11-16,63
F,1969-05-19,51
M,1972-02-19,1
F,1957-05-04,70
F,1955-11-04,64
M,1953-07-09,64
M,1953-10-17,61
M,1959-01-29,40
F,1957-02-01,70
M,1952-07-26,1
F,1971-04-10,72
M,1979-06-10,72
M,1948-01-29,47
F,1965-01-22,1
F,1961-04-08,1
M,1957-07-26,1
F,1944-07-27,3
F,1972-07-12,5
M,1965-07-14,43
M,1953-12-05,58
F,1957-03-05,10
F,1946-09-23,26
F,1965-12-08,32
M,1938-09-25,9
F,1936-08-26,9
M,1937-12-08,18
M,1969-04-14,64
F,1963-04-18,64
F,1940-11-27,56
F,1960-10-20,28
M,1936-06-02,45
F,1942-04-14,1
M,1947-10-21,72
F,1961-01-31,69
F,1944-12-14,70
M,1969-04-03,29
M,1972-08-20,11
F,1972-04-19,11
F,1966-01-11,51
F,1941-11-04,37
M,1961-09-28,11
M,1952-05-28,74
F,1951-04-06,74
F,1979-07-26,57
F,1964-07-29,68
M,1970-11-15,68
F,1980-05-02,32
M,1974-07-08,70
F,1958-05-16,36
F,1959-07-17,11
M,1938-11-09,59
F,1940-05-21,59
F,1966-01-22,1
F,1944-04-20,1
F,1940-12-04,70
F,1977-09-23,54
M,1957-02-11,59
M,1951-06-12,73
F,1954-08-24,73
M,1972-04-03,76
F,1943-03-12,5
M,1980-01-28,7
F,1965-07-23,64
F,1948-10-18,21
M,1945-01-23,21
M,1949-04-14,9
M,1961-08-03,1
F,1967-06-19,1
F,1951-04-11,59
M,1945-07-04,59
F,1957-05-20,19
M,1966-11-03,62
F,1945-07-16,4
F,1971-09-12,1
F,1970-10-07,31
M,1977-02-23,31
M,1944-12-12,74
M,1970-04-02,65
M,1957-12-01,11
M,1952-08-26,70
F,1925-08-30,70
M,1937-09-02,1
F,1934-11-19,1
F,1963-11-20,38
M,1969-01-19,1
F,1967-06-23,1
F,1941-09-13,61
M,1944-12-03,76
F,1945-11-16,76
M,1939-10-24,8
M,1961-07-09,1
M,1964-05-29,70
F,1939-10-27,54
M,1944-07-01,54
M,1971-10-09,54
F,1977-12-09,54
M,1976-06-23,74
M,1943-05-30,52
F,1936-09-30,52
F,1972-08-12,64
M,1977-05-15,68
M,1939-02-27,47
F,1968-09-07,21
F,1964-06-26,27
M,1980-11-23,2
F,1982-06-25,2
M,1954-06-16,1
M,1961-08-19,1
F,1971-11-12,60
M,1971-02-24,60
F,1974-04-05,24
M,1978-11-29,64
M,1978-03-06,8
M,1964-10-30,8
F,1944-04-08,1
F,1940-06-20,26
M,1943-07-05,17
F,1935-10-13,17
M,1959-02-17,4
F,1946-08-27,76
M,1955-11-29,1
F,1963-05-13,1
F,1970-01-17,62
M,1973-06-02,62
M,1973-05-30,1
F,1974-01-03,1
M,1965-03-07,55
M,1959-12-17,39
M,1969-07-04,22
F,1965-04-10,34
M,1980-08-14,34
F,1963-10-13,70
M,1966-06-20,38
F,1956-03-01,44
F,1950-05-05,62
M,1947-01-30,27
M,1956-01-01,44
F,1965-01-26,27
M,1958-12-07,54
F,1962-07-20,69
M,1953-06-01,14
M,1979-03-16,68
F,1945-08-09,8
M,1968-03-21,36
F,1964-09-29,36
F,1960-10-29,23
M,1958-01-17,23
F,1940-05-25,21
M,1960-08-20,55
F,1959-11-01,55
F,1949-01-21,22
M,1969-08-12,1
M,1964-10-14,39
M,1939-07-27,60
M,1953-05-05,66
M,1946-10-15,45
M,1955-08-26,72
F,1957-09-27,72
F,1976-05-21,1
F,1958-01-20,70
M,1941-03-12,12
M,1970-10-12,55
F,1973-05-08,40
M,1947-01-16,51
M,1976-03-01,52
M,1965-01-13,55
M,1956-02-18,41
F,1979-02-14,16
F,1980-04-18,2
M,1950-03-16,76
F,1978-12-15,1
M,1949-04-15,8
M,1976-11-25,11
F,1978-02-17,56
F,1962-11-03,1
M,1958-12-22,73
F,1950-06-26,19
M,1938-10-19,36
M,1956-11-28,71
M,1937-05-17,31
M,1959-07-01,1
F,1942-01-13,46
F,1977-05-27,72
M,1944-08-01,75
F,1938-02-09,75
M,1977-01-20,76
M,1935-12-25,34
M,1941-06-23,16
F,1940-11-13,16
M,1956-04-15,50
M,1942-09-18,65
M,1966-09-25,48
M,1958-08-13,32
F,1978-04-18,42
M,1954-03-20,1
F,1951-11-17,25
F,1970-05-05,13
M,1968-07-08,13
F,1955-11-18,44
M,1960-10-31,25
F,1955-12-08,25
M,1953-06-01,16
F,1969-05-25,18
M,1978-09-07,63
M,1976-03-18,1
M,1958-07-19,32
M,1974-07-07,72
M,1974-01-29,46
M,1977-08-03,59
M,1941-07-28,46
F,1963-05-15,37
M,1970-07-26,16
F,1955-06-09,28
F,1963-05-12,59
M,1957-04-23,59
M,1971-02-20,39
M,1959-05-23,75
M,1963-05-16,70
F,1976-01-20,1
F,1980-11-13,12
M,1979-07-20,12
M,1947-11-14,1
F,1948-07-31,33
M,1973-02-16,15
M,1972-01-26,5
F,1954-04-12,44
M,1975-11-20,50
M,1974-11-23,77
F,1970-12-20,62
F,1979-02-22,7
F,1952-09-09,54
M,1942-01-01,8
F,1945-10-30,1
M,1943-04-06,1
M,1968-04-13,61
F,1962-10-19,67
F,1953-08-12,74
