environmental_factors_Temperature,environmental_factors_Light,environmental_factors_Wind,environmental_factors_Humidity,environmental_factors_Rain,
36.00342202756449,580.0240630330505,4.973128586221897,49.978094852564034,9.982015566811338
35.97696964444995,579.94516813118,4.988208460457493,50.00366233191421,10.002322084077163
35.99115214504223,579.9594437590638,5.051036982724673,50.04177836492583,10.00785786318621
36.02337764965013,580.0082584586047,5.0522975720953065,50.007381845617886,10.037946746620287
35.943465204903305,580.008290031786,4.986987521410536,49.97572983495196,9.949151387969602
36.01601393611364,579.9915861711465,4.971271978739112,50.049490204165984,9.997302798674434
36.00098098100814,579.9870952500729,5.020508597485808,50.019879766613094,9.985752671894867
35.996932771948586,579.9874725628191,5.016062376603683,50.01363060342956,9.996390323925674
36.00764856488628,580.0469708621114,5.016020757281161,49.99992565638867,10.00902089087985
35.97979779835547,580.0081200872571,5.0130157997379055,49.994360579306544,10.000875388350257
35.99373477171406,580.0334966805605,5.0194140211771945,50.00112132770055,9.997355758507087
35.9720868267447,580.0200016607214,4.960430326268952,50.03159695137447,10.009392759913965
35.94215626796655,579.9553400268287,4.980138212243764,50.04106688335887,9.984617057382513
35.963526938644605,580.016814701735,4.9878417204536545,49.9680903618165,9.985219511300128
35.98322232348915,579.9750355519454,5.0194107935512955,49.999641575871124,9.967350741501052
35.96866817226867,580.022500241685,4.971345162408489,49.975228673543235,9.988444567286072
36.02606158595872,580.0445216583726,4.995943361384999,49.96842286058645,9.99765756877379
36.009364030179775,579.9999063553089,4.990977280494416,49.99158566130754,10.01163706754992
36.00042457635031,580.0035497378506,5.019873949811762,50.00862338623809,9.950259025563497
36.029287915281884,580.0147845974174,5.000761799917863,50.00354143483429,9.97141487727325
36.001089154137134,580.0003756012322,5.035216104960783,49.99721068028357,10.009067480551234
35.999884640441984,580.0177228237596,4.979459938164874,50.01586233522231,9.978816568510622
35.997119083042456,580.0169475176682,5.0117313989822705,50.031599615417086,9.978035505778285
36.00149093857293,580.0086355201976,4.968909568587213,49.998046901704605,10.015926877768772
36.04432943676663,580.0500295757487,5.042456379858762,49.96187275135238,10.052199508754976
36.05969370186598,580.0143376582657,4.9853045022332,50.02600354640526,9.994318078232277
36.014235467633775,579.9626819460323,5.021356193890423,49.98631353041191,10.006441416738152
35.96082029411217,580.0451160458335,4.956946832203131,49.98687682864493,10.03015471512444
36.037281169005944,580.0487221247666,4.932251683835026,50.03058216958785,9.98052345787994
36.000087982623086,579.9707324550692,5.004929659299845,49.971030995407936,9.985269798084477
36.00441176681962,580.0267882365785,5.026368908221463,50.002602073500704,10.001150088758136
35.98171443841241,580.0119087121905,4.9515477811568624,49.979472813184756,9.992053926733707
36.03289647516168,580.0086635783513,5.018148832682133,50.01097024444377,10.00835622461078
36.016346075117546,580.0285204891899,5.009860040009548,50.0109439045516,9.988772942019756
36.0246232007617,580.007719924377,5.0291490901681275,49.960843265031286,10.024361158040097
35.9836399742236,580.0204226554789,5.014023634258461,50.01320077090735,10.020519473360423
35.994079388051254,579.9797886092513,5.017331610513999,49.996903591561605,10.05043248913083
36.028004485373216,579.984144812415,5.025696584769379,49.98416372388065,9.97341461576935
36.03045016230843,580.0126080396046,4.979455532601876,49.964582935892594,10.002950840988188
36.00906801829199,580.0089071372855,4.992749338682199,49.99736565722229,10.020033096076991
35.98782993104482,579.9997032729858,4.998394609162795,50.036831174239396,10.00534743837777
36.021717649405666,580.0139202496781,5.019375207573747,50.00073787227415,9.978981133019284
35.96435590047693,579.9704110381614,4.993314071805597,49.95184480472795,9.982153616835193
35.998289372678535,580.0071559380442,4.998076767064328,50.00850187447666,10.009784380464176
36.009943284192296,579.9624682260053,5.005465924968035,49.948886564724546,10.022199421198332
36.026496679065424,579.9434008159153,4.981441071208667,49.98615735175938,10.022185440667
35.978842179886286,579.9827452812517,4.967395561380658,49.957902049927405,9.996960391628923
35.99028567677848,580.0257479287985,4.974861821925736,49.99717266093053,9.99178425680682
35.99730851219734,580.0043126296639,5.028683571951936,49.966593502900714,9.984942661155028
35.996744406561795,580.028923610126,5.004267792522388,50.06655098903827,9.99221306668395
35.95787028834855,580.009428999471,5.052489148485289,49.98529899739426,10.006172105159752
35.95210882645861,580.0021900163914,5.051415457523286,49.98213398128748,10.02688681562073
36.00162264733049,579.9829746796205,4.983878642708417,49.98986521717524,9.990770123991032
35.957662010419995,579.9652113718305,4.968306406930332,49.995957292691436,10.032406418886655
36.0564578691053,580.0165617560887,5.000716091833457,49.967190114150846,9.982518153760306
35.97558931465419,580.0158985573959,5.002975389805972,50.0224110062556,10.017377523162294
36.01310394920063,579.9948348261903,4.993086586791552,50.03276305063806,9.995435884812212
35.984777186280276,579.9769045436564,5.002668507931198,49.998179910557134,10.046807004393923
35.97734154133183,579.9715971307078,4.95907496160219,50.01400765351659,10.023604366412725
35.98845078570181,579.9347191981742,4.999464255918291,50.029925070679184,10.036301329947392
35.980571883393345,579.9627568913663,5.018827271201699,50.017567432653465,9.996596191585791
36.004981217875,579.9821378434376,4.987139229682233,50.005067029884444,10.010257993721103
36.03665430098715,580.009789637301,4.96337217822779,49.96623456075497,9.976242120054067
35.981276223851566,580.0098143768357,5.0066023572000455,49.98803188067629,9.987337336724181
35.974300273413746,580.0099321856485,5.019949955892166,50.02402924236319,9.998566267465403
36.01813366858911,579.9761236387047,4.996398460328478,49.98847410602618,10.011627659337304
36.003266779225605,580.0164097150567,4.988497211085456,50.01117995854935,9.98821990494802
35.96335973622612,579.9937773055931,5.023260668261175,49.98105316188489,10.014437592098938
35.979926229696204,579.9861021297887,4.975877216128737,50.056424878023,9.99363602086255
35.95582479192141,579.9957324406138,5.008822506027023,50.05426791325856,9.977437430576162
36.0573394236836,579.9918592458134,5.044409585968193,50.001714421656125,9.989823693226771
36.00725035278852,579.9855675131563,5.029155388462498,50.015833960100906,9.999569255012068
36.0237615946976,580.0591197646504,4.966506043593171,49.93782363546873,10.013714623990108
36.015693364762335,580.0024766790345,4.9888991933572955,49.99717805994034,9.964219558661023
35.99643291251434,579.9738243335931,5.019203600819997,49.99374891149688,9.998295528623924
35.99227783062549,580.0067075097585,5.020892781770772,50.019097288502785,9.988320145353716
36.02382513244359,580.0154458577841,5.022341421097505,49.973410745100274,10.01494277136777
35.96397664280032,579.9657155285923,5.035594513664284,49.96298904569052,10.012804203002934
36.00758845607296,580.0549128625405,5.040017162822117,49.98012308144428,10.000963531082533
36.0141892541493,579.9742461089675,4.993867938449148,50.024452061941034,10.036691694639632
36.03734786336395,580.0186715630989,5.022822945923856,50.03551598251464,9.990982542915747
35.970360444099285,579.9651034970083,4.976253743891525,50.01074918388854,10.085677137915868
36.01332265374524,579.9788626440741,5.02046834546542,50.02839287745086,10.018805477280633
35.99857302528068,579.9672686271186,4.998072222090988,50.01687017547856,10.019919762895677
35.98414649589701,579.9548893536596,4.976135981640292,49.98881793604853,10.05668887680762
36.02336699818658,580.0224979228385,4.9804399538409765,50.00284493878663,10.002766413795154
36.0267765358799,580.0115058908972,5.038534800457232,50.01323015637863,9.984665624423533
36.0044145432138,579.948988958771,5.014086225858406,49.982713307936905,10.045437427661549
35.98500451428137,580.0079015839227,5.03297385355221,50.01595601835469,9.995998673981038
35.94018528567049,580.0041993676148,4.979735519053308,49.98823796646996,9.977939291230316
36.00332410158878,579.9860588358033,4.993736021553104,49.939491534073966,10.007280170868487
36.0044495228416,579.9831632319084,5.006692261654651,50.034500616697144,9.971026223277441
36.023399211518345,580.0107941644684,4.97356516593662,50.030146929628664,9.99648433058921
36.01085128971901,579.9748174766079,4.993477000819933,49.9821283880673,10.054443973426642
35.98271108655652,579.9618566358916,4.994806572929044,49.99504280449789,10.038129602230944
35.949411442889776,579.9539713262787,4.987848347506413,50.0309862157016,9.994408414047223
35.983500145079795,579.9821759209049,5.032414553282127,49.938520141760996,10.063706950636792
36.022263438037896,579.9822835746681,4.967343160383644,50.013328402463706,9.990214425040627
36.01190590923165,580.0179430734529,5.008326451187207,49.98466303119334,10.020637941065633
35.97318958621153,579.9940790266469,5.010827606809814,49.98300234742982,10.005565909416944
36.030195914036355,579.990546415157,4.995979631938875,50.01866196122675,10.002161240396951
36.01777361192694,579.9934766118752,5.044338852792974,49.99715008137055,10.023633942649758
35.980297323378075,580.0191941615319,5.037539428834227,49.97314487532145,10.041763191631173
36.006148317295484,580.0468837607211,4.985949601494279,50.02451916418894,10.00835635853288
35.988323327895,580.0231969712244,4.959097160970644,49.99462444655268,10.012569820571182
36.06099404454919,579.9763813266079,5.010104464808432,49.97348774318181,10.002925307281467
35.97165523811481,579.9892007895604,5.005095345451608,50.02332486141156,10.041412217778168
36.00672586898184,580.0599156452162,5.024840904586861,49.96125230736138,10.018907418361565
35.98028646296941,579.9641684602905,5.037992894279225,49.97431338443021,10.007580816310313
35.99125270900964,580.0181384367496,5.059962661155974,49.98112462542439,10.071466151289052
36.00024448208633,579.9828941541889,4.965834968677137,50.01501029160692,10.006940191339403
36.00812749404459,580.0237043074098,5.039605144178738,50.02785918615125,10.013267529593953
35.99313662700703,580.0361442244056,5.013334120678716,49.99016419661505,10.029003441892824
35.991366109144195,579.9922126244246,5.014635176758954,49.9857267144871,9.970900205204149
35.996195105565185,580.0185069390379,5.016412520232405,50.01221147699468,9.9481568664582
35.961723401683955,579.9347107823735,4.997871715133385,50.02881688743356,9.981589891256963
36.02476653855107,579.9513773474259,4.974787814006666,49.96399805656052,10.013577253930524
35.972206575931956,579.9911261831004,4.9871622504683595,50.051641226939935,9.975435958679434
36.011049853565645,580.0233209461934,4.968636499015803,50.02905583152947,10.025637616107264
36.016797144807896,580.0093261350511,5.02255364422063,49.961657691077384,9.99623616050649
36.02235200257384,580.0031594719792,5.0030986163174065,50.014138933332276,9.98336071332173
35.94126410648764,579.9565625282078,4.994643881864015,50.00629071555844,9.984153831910126
35.97817573111292,579.9700181605346,4.967429587940787,49.96861194126844,9.960214525173326
35.98026893525703,579.9721591022051,5.025975171862794,50.01325269258255,9.966835745217995
36.01723013454474,579.9682846923203,4.974019076596134,50.0328735904503,9.997937899047704
36.00338272162201,580.0304426000919,4.991937769526201,50.017796617910065,9.99032111054544
36.01537716270565,579.9842209807605,5.026082061913549,49.95163956359278,10.007190509681616
36.03283131187413,579.9744981084326,5.0064894571207335,50.01554263076842,9.9901695739011
36.015842594752634,580.0033663101508,5.035613271864219,49.97302466651816,9.997260849588212
36.0146154100845,580.0034025120756,4.960295349937214,50.01964522869757,9.932612155148599
36.01005438178691,580.020937753323,5.074764399940962,50.04518415398748,10.034035619970865
36.03988124202461,579.982784524633,4.961714709794605,50.020441244730684,10.007618776372876
35.970532520553995,580.0351340947126,4.972705540153469,49.99496857679962,9.985547291399927
35.98238425247691,579.9985071837039,5.0043519628046385,49.979698876624425,9.995212340421942
35.99292992048918,580.0212737992216,5.011337366792618,49.97916985705332,9.982960077700863
36.003164241137235,580.0029078822663,4.986114368080694,49.98349674889639,10.033684955922269
35.9723884734306,579.9766362917087,5.045727403170501,49.97806116597769,10.030261912116964
36.02988607969494,580.02306118013,5.013423444925051,49.98209300412449,10.00300027027645
36.00247177224761,580.0203604770543,4.932901200961996,49.9894369319602,9.985579812284524
35.986046616415294,580.0248170673331,4.962440369063669,50.0004385901926,10.007065906019195
36.002829729594104,580.0085005272557,4.976940763589012,49.99111528220273,10.005215796126084
35.97222165681472,579.9795691024218,5.013006649951367,50.02788844103924,9.96881807985518
36.00308601367879,580.0500385734199,5.022113021324929,49.99628934241852,9.99387442843869
36.02768643870723,580.0405846799523,4.9885260256179205,49.986027868292865,9.993862049902802
36.01388583968122,580.0030307946649,4.94532894837006,49.997902514386936,10.004289444384288
35.99794567508529,579.9686080665936,5.012962926829165,49.99045033236407,9.99726357521375
36.014848991221896,579.9675481061827,4.973477218812364,49.99835935877525,10.003863239558088
35.99290232885707,580.0453975044398,4.947279711094234,49.96733641203685,9.988373602050777
35.984061885668446,580.0301577949822,5.017486479010798,49.90380480987462,10.004106972714261
35.99111076568536,580.0210747739691,4.99173846859071,49.99962038652396,10.024877144438028
35.9902749889849,579.9831064259358,4.992723436044326,49.983028900358306,9.963428782931853
35.97051297096944,579.9970873647945,4.975897574265452,49.98037870593224,10.017471078481291
35.964743328501356,579.9912768274604,4.989185979040342,50.05091476012395,9.998672494609025
35.98575461280284,579.9744055779529,5.012560526391041,50.00187333883175,9.984097752759407
36.014967944217524,579.9731182125735,5.035595890505989,50.05500625187168,10.0099185275911
35.993196379803635,579.9730313531678,4.992076686741192,50.033985454692115,9.996841947664612
36.01983690496201,580.0276285447254,4.981964262680575,49.999412409228825,10.020251020359959
35.95560612948067,580.0235582925479,4.997272253845356,50.0364254081032,9.980692035072332
36.01492780697131,580.011336890262,4.988595167793597,49.98341292252398,9.98943947813822
35.990560056734516,579.9788856410911,5.039502177102089,50.023776554014105,10.019805758189678
36.00368849845914,580.0038084293988,4.96809019012123,50.019321142864676,10.015516757544605
35.991811158507275,579.9889291644361,5.0336271934275185,50.041201687126694,9.976544865112634
35.99449498012563,579.9875050189357,5.0137866926117995,50.00504705111957,9.97781442105062
36.03907712195689,580.021357956972,4.990181469796654,49.98282895461558,10.01071563810311
35.99453310548804,580.0108578387624,5.014542749592241,49.97784157880223,10.021262068627856
35.993753690389404,579.9994890804411,4.99869800622004,50.00630728018143,9.953222577869772
35.999956287126246,580.0380279985427,5.037862843333601,49.97712464156659,10.007808668359653
36.01574367063621,579.9625498267516,5.003283264009214,49.992177504459974,9.997582287901245
36.00801803174192,580.0288555486015,4.977509078771014,49.97849150147911,9.95365312623782
35.9514824793909,579.9871331031117,4.982931201943182,49.99409214041699,10.058250745616865
36.003277548525816,579.9930015853425,5.031731405872323,49.981106090827126,9.984939786121368
36.04956268775108,580.0425959069094,5.012045964848524,50.00468635083899,10.021883321692007
35.97034687345551,579.9918271270927,5.015057236939491,50.01804363067424,9.951296904311032
36.02214499817063,580.0018975041554,5.017842050436974,49.92803966503888,9.994729216509498
36.026136975660506,579.9927243572583,4.9942922287406235,49.96662891411488,10.031896615377962
35.99059335415075,579.9921183380151,5.006741632013967,49.98859436060566,10.005433762706481
35.99932349483007,579.9867679769509,5.0072222426393,49.96668938012005,9.970181434498395
35.98169688540443,580.0170051076196,5.01769863817776,50.004158765775564,9.993956024181887
35.98257824022929,580.0317548414741,4.933328600238187,49.94210654793617,9.999913872977627
35.975959654805294,579.9493217880141,5.0693824371480725,49.957945434944925,10.012439936416559
35.989394184688685,580.0190854085491,4.977820711929182,49.98102453933411,10.00063246571358
35.99407671885637,579.9611197114554,4.976356913211892,49.98684960404163,10.010283594148166
35.98329375023278,580.0181517748597,4.997321191409653,50.02082400076638,9.987402552698235
36.007276022142975,579.996609862075,4.9930696776629295,50.00403920332339,10.03065936216644
35.98914072339603,579.9439268367489,4.972720576743144,49.97470170774824,9.95991276043091
35.9899268771133,580.0441961598746,4.950531427921649,50.05771213887646,10.028112993459766
35.975822096623595,579.9978447912811,5.058536330787451,50.007145143580956,10.001923651990392
35.97353933075089,580.0116756018728,5.018093740563236,50.04760774311378,9.983186818058412
36.00744659912744,579.9784357256157,5.010645126295583,49.99565395538651,10.00608385996505
35.95723713216781,579.9805613462657,5.01470237853996,49.966208856160016,9.983356597575373
35.9919584641029,580.0349636522681,4.99469780198723,49.99384150868653,9.988773721945915
36.0010704785606,580.0061419383255,4.98811490536958,49.99250951646936,10.02642025630462
36.00792167901402,580.0264899494592,4.990751408213198,50.01305304641958,9.977408959912959
35.98620194377075,580.0467476507978,5.006872503630571,50.02906171155815,9.958443515276056
36.00858142795744,579.9760336141379,4.9928611369316815,50.04074895164598,10.014319165248494
36.020924488955195,580.0259645069473,5.032514833599963,50.0448789693786,9.955988874472823
36.00378098746454,579.9925350468661,5.000996931032359,50.033252618013094,9.97068712964549
36.02247884642659,580.0036172047645,5.002230762734545,50.00359973465512,9.9795910935485
36.06240113685249,580.0247153770565,4.997580026987615,49.98384019921593,10.026648663406371
36.020547131691,579.9604332161301,5.0219232523451565,49.97320775341798,10.00638342598104
35.973859341616695,579.9616237485112,5.016311910029878,50.030432924150155,9.984069981469089
35.98877041195853,579.9115259620593,4.998009974276921,50.023616370212395,10.007925371354933
35.971460042728864,580.0159527072232,5.024613809926729,49.976565875476126,10.01231234137095
35.964355714861526,580.007732721009,5.030968964210385,49.98630115933553,9.979391473827597
36.00162129219285,580.0109292584085,5.0291451550900685,50.040048295961654,9.980190192759212
36.04423184224268,580.0415804592012,5.007221061262634,50.01188092345057,9.999899150626032
36.0014007025785,580.0127000964271,4.980925498486164,49.99666451426349,9.963369902164423
36.05804753186412,580.0139070306551,4.962028412167279,49.97903268670652,10.01504894227645
35.97082791778485,579.945847595016,5.0138061831412974,50.00477319289556,9.975108903044768
36.0604459661561,579.982359560313,4.975483316329583,49.95304929943915,9.965968397173423
36.018411173410115,580.0223412897275,5.049486987678684,50.023545445243464,10.006791000613203
35.98665663791943,579.9989511940628,5.016381802334329,50.03728319072682,9.98493083947331
35.968133643622245,579.9747626092757,4.988816353032301,49.93844168864398,10.019921810324307
36.023167158867075,579.975400668427,4.9847159817181925,49.981816813230076,9.969302901045998
35.97239861471599,579.992134183433,4.948732044215618,49.96105935366983,10.0001234062382
36.04306910589586,580.0324917923591,4.989296656780231,49.997960150339466,10.005595167028387
36.01343893310661,579.9997907889648,4.981908638966485,49.97303429742142,9.964948718021137
36.00500109478703,580.0013057996506,5.014471997575846,50.022837917346706,9.964543560999573
36.03745707890067,579.9880947779097,4.972519246907186,50.015483157872936,10.037810242523989
35.98543551015618,580.044418783517,5.011352205109548,50.04968535043395,10.029090003883725
35.957749611693515,579.9932154223839,5.002953331016483,50.006295430954225,9.9853754461719
36.049117416161586,579.9853807249093,4.972482556421949,49.98973367733284,10.016652666345035
35.975856680201616,579.9931956018479,4.9896466869570375,50.01757282447759,9.965829548329335
35.9845151189825,579.9970092005203,4.966462688260131,50.01947453894996,10.029222059105752
35.999945341324086,580.0291249966622,5.000645294068144,50.00407632248286,10.02191807553289
35.988136263807405,579.963703536202,5.022948068949175,50.00996191465819,9.977874655544648
35.949948106926854,580.0197916307313,5.058695511416144,50.02672407592493,9.976692552270105
36.02124475153344,579.9688321166781,4.986940647909829,50.02148838842814,10.014510773696692
35.995831911737376,579.994924933746,4.977926263616506,49.981252166171025,9.982454788490864
35.99797829409809,579.9878175733118,5.021566958226784,49.98396695808362,10.002041792726194
36.031656232321254,580.061566098004,5.001738297822971,50.01777045001165,10.067948807813497
35.99398362209874,580.0377114492693,5.036355706403194,49.97297655661285,9.968441906630288
35.96607831642499,579.9915626547152,4.998819445335235,50.02164283040764,10.01672698223161
35.989960878819204,579.9836827085651,5.006769009833163,50.00660094015675,10.031611547876219
36.04318737479121,580.0100801914881,5.026609057542536,49.96492128994431,9.99221018597338
35.99677891248049,579.9837846245844,5.024338501942297,50.01258792843756,9.975867491633796
36.00623353798819,580.0154579886492,5.02774399867387,50.02955092229785,10.009158362162664
35.965291676770384,580.0279803459392,5.036339768235487,49.957975645861424,9.98038563032162
35.99864383178697,580.0278730560997,5.015823110108283,49.98749237082825,9.967400342791692
35.97364855543017,580.0290161024777,5.030361413310106,49.98659867056845,9.993235172719443
36.03964292386723,580.019992798019,5.00367491618584,49.993977061656864,9.973966249541263
36.053503317604175,579.9766210039509,5.061054367907901,49.967292012317635,9.985370799799705
36.001177536046036,580.0093490544901,4.971171889159257,50.01324561602846,9.989844294488307
36.00876870856245,580.0518960252683,4.948094354981378,49.96890034174929,9.98481234787381
35.98664641731737,580.0064901705182,5.0170342580152765,49.968150633544816,10.002083906290961
35.99043161312837,580.0146090875671,5.060947361445166,50.04363363640112,9.973405940451832
36.03035927347633,580.0021663720228,4.973188483918187,50.00505940516875,9.959404762952824
35.99195788984798,579.9852373824764,5.051091136445896,49.98911432237051,10.03584718852397
35.968074985691835,580.0419115044622,5.013287959265904,49.98227469409768,9.999448182726141
35.99628193447877,580.0078060782972,4.988401831073398,49.98700536367205,10.018265091553651
36.040436681628194,580.0166276498212,4.957978306625378,50.024756889852966,10.007935394695922
35.964852390853544,579.9613553401177,4.998926166393387,50.01307951102977,9.998888172038704
36.01855080485647,579.9995195553162,5.012163154908054,49.99571150417289,10.023408730380625
35.99328728761948,579.9849828821445,4.996194348450287,49.976337158722636,9.996978491971925
36.00851702721504,579.9231107045094,5.073195846670056,50.02695254507461,10.038082397736146
36.00145687646409,579.9883756918783,5.0253421677108845,49.929940693734906,10.004726584633747
35.988079833083454,580.0078253570252,4.997840968493968,49.95870987297033,9.993837850991866
35.96602702843529,579.9813798478702,4.964668480662944,49.973117042760535,10.028869430605035
36.004809815609505,580.0406370140354,4.9811849157520545,49.936457324606344,9.98042642117104
35.97972179294243,580.0230140317118,5.0475529910457695,49.968906244852676,9.990480125618301
35.98784946617664,580.0131473085238,4.997688431406169,49.99393580531454,10.018028139640851
35.988428018711794,579.9808463202191,4.9528321513838875,49.99886689808184,9.979255271072452
36.00199550251975,579.9667829063495,4.974612829850083,49.9777128986302,9.968689566289594
36.01209974880886,580.020990313796,4.989210609770177,50.036708531575776,10.039933267132117
35.96356538329046,579.9763097443853,4.977371623243824,50.02421659257116,10.00061049811257
36.03485952517607,579.9814943069977,5.053339460020879,49.96658299271722,9.956570599920015
35.96736306348104,580.0460587870192,4.98287217722917,50.052941475447156,10.008378193633208
36.018216906786776,579.9725301729346,5.035147126345882,49.948122383678225,9.961746874093524
35.96074725951712,579.9719006875788,4.996427167705684,50.02675121606826,10.012158916031984
36.01734831940314,579.9799659580584,5.008035689675203,49.98089291624631,10.023579804979157
36.013658762205104,579.9810206645546,5.044955749236504,49.97393717123097,10.021780948150555
35.99875308452141,579.9988743924087,5.028240524493961,50.02105465711082,10.014762097634408
36.02841192762898,580.0245752978127,5.011150621989225,50.02852230516,10.029027652620133
36.022188582763896,579.9981544659998,4.94684563782181,49.950161606809445,9.985930214056756
35.989048123349505,580.0293278807461,5.002101794772231,50.031268169287934,9.965599871803507
35.995201396546086,579.9392216865403,4.954689149821495,50.000013351899,9.98307390566833
35.94229111187552,579.9888882242363,4.935836896753253,49.99575150988351,10.016184528828411
36.0113929585025,579.9727182301358,5.033963939049199,50.01249829803691,9.961039864074701
36.01965677407714,580.0000298771174,4.991676136651158,49.959740311880466,9.980399489456877
36.0083528007344,579.9598484677437,5.001327722217476,49.96356904575637,9.997909967589234
36.008241617031196,580.001258345742,5.016970415871728,50.00752834745511,10.014169479854194
35.96549672665879,579.9864382162187,5.008639556864485,50.03552268755994,9.990390289808191
36.00596813421314,580.0243454517458,5.004857102560893,50.0289905383846,9.999599167357689
36.05052880180896,580.0025784443554,5.029610832057249,49.98678966824501,10.010251656539022
35.993803432422055,580.0310532231105,4.998808858148078,50.01777670549067,10.064348542961845
35.968203062941,580.0248037230442,5.018217649700054,50.02087833347384,9.939151697470335
36.0645418023997,580.0152876694958,4.998125725215634,49.97271290093318,9.97487680445886
36.01531978540515,580.006952837454,5.047324309400555,50.020520753634656,10.019699043139557
36.00917665972261,579.9943136751451,4.960274669917851,50.003765793069775,9.974287156111917
36.01226299532878,580.02277997615,5.014510086142207,49.98883914620649,9.996777779540846
35.997821354365186,579.9978354203017,4.992008688473767,50.01861561837318,9.99352728731963
36.00510895366356,579.9473870220304,4.991150530085642,49.980418129755485,10.000593222452142
35.998702540257526,580.0063960025338,5.0130270383929165,50.02887781239619,9.993664328220051
36.03082316927526,580.0108735227391,5.0064810184921145,49.99041623984983,9.998742193967031
35.99334705160086,580.0088406154285,5.020943533051425,49.97268058219632,10.014562810190363
36.02313576881158,580.0282896700385,4.999181363572377,50.02467742646153,10.048060703712482
35.998561315064414,579.9949471879321,5.007054885503332,49.976444275092476,10.000942191122665
36.04713748311397,579.9757524169396,5.035552433792862,50.01650584518188,9.972443593785743
36.00628474316403,580.0092798315893,5.002888916764049,49.994459912385594,9.993450666947817
35.96089959531274,579.9921281268316,5.030299070389166,50.03597386529913,9.982807534372439
35.988674503333215,580.03722057388,5.005236266862448,49.97079532166998,10.034519692365237
35.938600174119685,580.0476247733167,5.008619492461951,50.0227123280363,9.99826809597304
35.97541617135845,579.991852514983,4.997651804298056,49.97956510412264,9.958320053181268
36.04744278291298,579.9971857238603,4.945481397313673,50.01215360094515,9.963743210244344
35.96212092076209,580.0513910576672,4.9652960970014,50.02601777714874,9.996829914032267
36.05283342497509,579.9617682163517,4.9931899614815025,50.01324746425267,9.970332475185824
35.99033143012375,579.95088451564,5.037244579380014,50.0021427643029,10.000210669395177
36.00759930931567,579.9708115339666,4.990982596354522,50.01156226124294,9.982677589820051
36.01207455009068,579.9960322129243,4.996670249034497,49.97983682281741,10.000007171133312
35.96971872330502,580.0106723533892,5.017098163735169,50.01861138949495,10.018867641582272
35.98229777792256,579.9979215515534,5.01121507290055,50.027233297798986,9.991375160730755
36.003951095617715,580.0023708822786,4.950688884106351,49.944853780416395,10.058678637214797
35.99682501242203,579.9827103248856,4.996255889512171,49.99879031041705,10.000164190900744
35.98760239091844,580.0282124253678,4.9958333870926985,50.05495254142372,9.988433509529418
35.96856007705281,579.9751332046014,4.991572425186894,49.986909794250536,9.996152481668434
35.995287047682325,579.9664668002937,4.963978980624748,49.981815970403005,9.982037931377226
35.98527680824342,580.0137904519768,5.020870931532796,49.99308830925185,10.025746170040025
35.989362493656635,579.9680213025798,5.021688962646321,49.98507070268651,10.027623228494
35.995518479263254,580.0157273847659,4.9823571357448975,49.9729818714066,9.97580418155254
35.98605395294557,580.0255059848529,4.98948777910028,50.013032335534206,9.967201349472324
35.99399723453906,579.9949746285276,4.943440054619865,49.99419480076366,10.010867588339815
35.97574330162288,579.988868981264,5.033917450930005,49.99609261930235,10.03058823306854
36.01767864992167,580.0285126296767,4.995271635475996,50.007029907787015,10.00091962502574
36.048906665614545,580.018664623619,5.030369928829069,50.00851390610616,10.005864561043357
35.977006018325504,579.9995226454106,4.990925932860529,50.010429044130746,9.9957413223845
35.95788205197057,579.9890937651537,4.9980739130526315,50.0412239525744,10.04792345288513
36.01935882464568,580.0198021697388,4.955040559115926,49.963504956070246,10.017782223738006
36.002769188175314,579.9922413010737,4.98905553615355,49.96412719040422,10.012801610248012
36.0015007867185,579.9554568419751,4.977986234829998,49.974753595228,10.029004047762164
36.001497932845325,579.9797582938511,4.986657353291041,49.99782800457787,10.018750309322176
36.019302789013594,579.9583588502998,5.016678611668715,50.01760940841876,9.994358125783455
35.99951080864559,580.0149579397115,5.017592896322277,50.00210358860048,9.950871492891546
35.98314815272075,580.0348836040702,5.027283185661439,49.97013289395055,9.988383884785067
36.01096156944753,580.0003619148881,4.9769743992189674,50.02430452348048,10.012210280057213
36.02751292206732,580.0034442468432,5.030304953533106,50.01840548498608,9.985577744505587
35.9898555393524,579.9459513174768,5.022351241545511,50.019652979339504,10.009041285606196
36.00618899614076,580.0000272312379,4.945437800719956,49.984889921295434,10.009409697454338
36.02630626881541,580.0013552720018,4.9748545600500265,50.018134285182,9.992428046663072
35.981386180512565,579.9561987282214,4.9859373016985264,49.976747896816704,10.002723131022202
36.001757445706446,579.9712921053242,4.977085482029343,49.99970389766969,10.001131914912952
35.996604721115986,580.0312403635827,5.017519388775793,49.99132497601479,10.00862244970203
35.987153854640404,580.0237609436184,4.994724067041247,49.98174570903726,9.97611207170851
35.99928412844114,579.9959940828037,5.02428159176415,49.944988462241014,9.937902840551489
35.98760521825066,580.0263455320684,5.048156975124969,49.974415520837034,9.981033033587874
35.98651943047789,579.9713684844321,4.975686452040936,50.03007457219225,10.007102278438357
35.93278552856165,579.9870241745873,5.008152075394317,49.980453729012254,9.958963531441077
35.98782247321796,580.0060366421786,4.995657452200743,50.017988085039306,9.996745346883014
35.949306025719046,580.0016842553828,4.999413587825766,49.958098352778734,9.992404410914332
36.03526281973963,580.0069815148555,5.003910656182066,49.96809250735486,10.012733075379996
36.018092359009664,579.979101108923,5.029935305014622,49.97111551366505,9.996050237467557
36.00946215996185,580.0087811731299,5.017752816652764,49.98964493220948,10.063721615785614
36.04303986472672,580.0214335339516,5.015140888291707,50.0206974768943,9.949256976381385
35.99758707709725,579.9983019123246,4.988783798427615,49.956761454625585,10.046394263880758
35.98292669521902,580.0144956526976,5.002363928904192,49.969022003197594,9.984583604184465
35.99964015457208,580.0151894547355,5.026338584490022,49.96865420256104,10.01328469078263
35.99780747430208,579.983090641939,4.992944576589159,50.020057202430614,9.999181290202658
36.024942968256845,580.0092100005493,4.974653304776901,49.98287997305809,9.977679582418578
35.96580457267777,580.0104653110157,5.006525870697427,49.97811177397335,10.006922427555596
35.998034064568024,579.974896512138,4.949698779820203,50.004384636086236,10.001156658118088
35.95302707573972,579.9683491301046,4.961225518411944,49.99371650015615,10.015838626338192
35.938220289279386,579.9597881845335,4.997607526972242,49.98652214567465,9.994999227091734
35.98227894341864,579.9532496952781,4.997670432121181,50.004874726979175,10.007361567373895
35.986687998359635,579.9909070338836,4.98504163252217,50.02435078216554,10.01289533749777
35.97699735136357,579.9968071438384,5.017199522320502,49.99546978470087,9.995081185658371
35.96628694955659,580.046418866445,5.005029422305752,50.00114572838604,10.036885516303192
36.00192836428252,580.0119677003233,5.023069586070747,49.98254098921627,10.014317898523652
35.97872773437836,579.9588414207474,4.994774744192821,50.01168879877912,9.958926250999195
36.01727126405492,579.9946680595282,5.006409516670834,49.99249050752627,10.030123581992664
35.98604671900038,579.975966863656,4.99926155565769,49.9585274699926,10.024361508368974
35.985958947533064,580.0253296605886,4.966097026879349,49.99715954272474,9.994483678760233
35.99912271177331,579.9766621461503,4.97590345934621,49.97496944794139,9.976709355980741
36.06412566002743,580.0062004496895,5.014308102249186,50.010508938130165,9.995990723051415
35.99965496357747,580.0236346321453,4.961957737944555,49.989739991131074,10.019674103240783
35.96631778024055,579.9924666337824,5.001443744510909,50.04684107544024,9.981789144595156
36.007636988059296,579.9876874030865,4.982890112560284,50.04188171659463,10.008073247589977
35.98266733292051,580.0099770223538,5.011518932858229,50.003375942165405,9.982297978103444
36.0150853094675,579.9868050314827,5.0277827880673645,50.01400390856195,9.998644605242994
36.06620390272926,580.0547274808263,5.025690633850902,49.952399003335785,10.055531436345921
35.99596553361135,580.038759464079,5.037795836758486,50.00855926044999,9.991366849373469
35.94642772027287,580.0078851448511,5.01653015727745,49.97981406233532,9.992717811895458
36.057681479705145,579.9957533148461,5.0472725379846315,50.02315211869732,10.056809202681363
35.951336836341646,580.0242339610154,4.993276829492763,49.978898577500146,10.007881807496258
36.04521325529868,580.0281512663222,4.9972478407533325,49.98283706885949,10.023419320234657
35.97161624409168,580.0406258688396,4.979251646569477,49.96132322913822,10.014085641649322
36.06649236541135,579.9992944231582,5.008797714979727,50.02464590155781,10.001194263354202
36.02400486753911,579.9849691901246,5.015614029556415,49.97084805307709,10.00817775413586
35.96943284245317,579.9856551720483,5.003581209367606,50.04872957309332,10.007399181312593
35.991801907122124,580.01642925109,4.990575584844173,49.972785696167584,10.012426000666068
35.990792792061086,580.0058405914103,4.947176979507335,50.01906799602538,9.98271247016485
36.017628524155754,579.9858932938739,4.994143204206106,50.01638000309696,9.955696845793279
35.938165020195356,580.0002719201993,4.967999216136512,49.97494481689188,10.021209691071967
35.983437160047,580.0269342893432,5.013324285476154,49.99286268520608,9.96533976627047
35.99366236361604,580.0019387169195,5.032236433274144,49.95253408376581,9.971278846994984
36.019323900185476,579.984966398368,5.022966692794166,50.013962840333406,9.972194517411799
35.97067212585539,580.0258927231049,5.023750972169003,50.04749191483547,9.956679637566392
36.006738806367025,580.0130846128355,4.965932376187354,50.00394175698738,10.032737090184067
35.97552011722211,579.9979586431142,4.927966392035693,50.076193482779225,9.97095366860883
36.005219170826635,580.035133873014,5.006463866030733,50.03247716232282,10.006448542161586
36.042152688009836,580.0087171788866,5.015812244851837,50.02480925356566,9.96189707531661
36.01430596161176,580.0005643777627,5.046473712820331,50.00168797128223,10.038992020353303
36.000403190126136,579.9917056446288,5.013742568958598,50.0315756916793,10.00060260945287
35.99548540393847,579.9958737034968,5.054202176291221,49.988434841300986,10.037901292110758
35.950105650404325,579.9884032897656,5.010227466842001,49.98704744285157,10.018687904469683
36.014258196886864,579.9968822673155,4.978376698505704,49.98944404547042,9.936403549033896
36.028294925063754,579.9875770327982,4.984508387008021,49.99602899781896,10.001782510107997
36.0486593821737,580.0108564938752,4.976606144062222,49.965066033046995,10.014879274364453
35.938263267525414,580.0147909115552,5.03715533765212,49.98279886409306,10.02557761336996
35.99241290638832,579.9890708733059,4.963486194327469,50.041032476854326,9.985040380463191
35.99630344568864,579.9742851893326,5.02160391065945,49.997965386381885,9.944741242658404
36.074577362077875,580.0137840247861,4.982012222924222,49.99872943439872,9.982772558025733
36.031666370662315,580.05625822016,5.001309256634944,49.99034250255884,10.007242371783997
36.01785556728043,580.0509758828266,5.014182148617931,50.001427225703814,10.00135732268035
36.02533873876459,580.0205871953269,4.998106582230251,49.9814128159247,9.992891957685684
36.00109513667868,579.9718439820068,4.987543691281483,50.022140367620345,9.98472328527516
36.00758562782625,579.9382267757802,5.029219791056588,49.97111821678378,9.973857600493718
36.00000969076339,579.9234864647697,5.008129817989548,49.99702883639806,9.957184988063299
36.017536072466605,580.0134520096585,5.023327292496488,49.9736644476837,9.998310673032952
36.04715137393588,580.0108140398286,4.990451341274977,50.014807512387904,9.992766576425657
36.02275661411151,579.9757760555952,5.009213587345087,50.04332242954295,9.990455273845894
36.002849726271236,580.0301336560349,5.002180228260829,49.99289386657269,10.028346648863247
35.98572031337675,580.0100019472659,4.995102424060812,50.00082091555102,9.957341136256007
36.02460062833607,580.0072631774527,4.976059539782195,49.943657359495035,10.073086214571576
36.00741598257028,580.0214449760206,5.03753255496141,49.978724544906974,9.978651965658452
36.03743676117964,579.9732473042579,4.9688283616715365,49.97287242010982,10.048958555669747
35.98896189315374,579.9973436705181,4.968640199522387,50.0343919962982,10.003856437846467
35.998825182459356,580.0198231635188,5.0113516260068955,49.99624310126004,10.02927017514573
35.98530952682579,580.0041928599755,4.986956293486034,49.992166743237334,10.01676446370989
36.0209007249681,580.0321898479143,4.984593605509277,50.01151890620874,10.00759850663989
35.96579666266371,580.0096780983056,4.967263672642248,50.00170091024552,9.969710054550063
35.96963167309187,580.0120940239589,5.0071151841465795,49.99722489383639,10.01525205282456
36.020003213694785,580.0321144240163,4.996767680724177,49.95977320457712,10.00519172557463
35.98130969388087,580.0471777727902,4.972420035824043,50.02250295959048,10.040825458312503
35.96993611965394,579.962743769912,4.987642432427953,49.969979062402594,10.02684089483696
35.95300080006428,580.025370845237,5.0214588755004925,50.047995752496576,10.009668723379974
35.987865837246204,580.0144842694546,4.948505093462843,49.98996469266857,10.006908663075437
35.99546913279177,580.0016292510333,5.010785443418973,49.99770732624462,10.005593464191598
36.03951100071053,579.9857214375244,5.023736679459681,50.00232369447487,10.01258626297443
36.01214186934565,580.0306734855469,4.973915009073088,50.017789954722176,9.966332786152728
35.97423690557763,579.9729883422583,4.972408134606412,50.04792133469058,9.978463766802525
36.050137175567684,580.0179239939685,4.980168054686699,49.97143870363401,9.98774624217876
36.059376510076525,580.0102703079896,5.010058606620398,50.00645500759509,9.981669930511572
36.00111938728888,579.975435911287,4.992238575262806,49.98327521913613,9.984523090270189
35.99202110185498,580.0145841066621,5.009934779262056,50.040217917878245,9.981509803968017
35.99924747740571,579.9828593143565,5.030578406669085,50.071477195471694,10.02614984705544
35.94579414209828,579.9716883574836,5.037577621873352,49.99153318421188,9.984738425033532
36.03409284662338,580.0258336572448,4.991876610480917,50.00156845565789,10.076668422805913
36.02521660735168,579.9791711546941,4.996999217990654,50.028046918345375,10.004582145784632
35.972732106757235,579.9531378112573,4.928668270319522,49.986769469503145,9.96928406314456
35.980865133048916,580.028466570961,5.0081115746459535,50.00577345470289,10.002919570070707
35.99752026783952,580.0272551296874,4.994075694266069,49.979301401775096,10.018663432126326
36.05718207160434,579.9965733258405,5.006374252116728,50.05629174486785,10.001262355888244
36.02940147290831,579.9830105097742,4.993888755195642,49.96248542232706,9.949058162741764
35.997216482792744,579.9997342603718,5.002467489741978,49.976763795174556,9.99210638596935
36.0259948129734,580.0082102540161,5.009445320625659,50.00981687623662,10.021473405372468
36.014031176095486,579.9873648103437,4.986506465465511,49.99838093138596,10.001558013795059
35.94777370844708,579.9890673773998,5.000907726345584,49.964269421773,9.985488040938725
35.99587734671015,580.0030007588275,5.001141073465663,49.97678865709047,10.026039817401866
36.017107640757004,580.0002380714005,4.987776119694534,50.0323700693462,9.982729457079387
36.02551658257432,579.9502403397335,4.990770203289513,50.01355416221178,10.067453616536893
36.02285689803274,580.0135618161048,5.003446863110887,49.99946411857622,9.964854077843215
35.97554753163602,580.0443733347996,4.992101583610105,49.98742837151981,10.00349457096413
36.01820348592112,579.9937863427167,4.990589491202676,49.977229684891476,10.046078849696062
35.99919037758859,579.9912684113201,5.029610958062069,50.014647299806946,10.029423886384082
36.01936975077521,580.0004061373825,5.042052903886514,49.978156828862566,10.010852260021945
36.03031541473523,580.0095139388595,5.0220868105293,50.01533047672925,10.00155610008035
35.97546691590031,579.9701199442868,4.991176485571386,50.00653848595882,10.012656038736512
36.01890737801934,580.008375376083,5.034172321889967,49.991606711816324,9.97525282932241
35.99417139097926,579.9946587631763,4.992713302976786,49.9695964238854,9.991829047673697
35.99066735878656,580.025202967298,4.9986919934928595,49.98787479669259,10.016160173597092
36.03770311244453,579.9773137075914,4.996796431191601,49.960553758755175,9.933036287459796
36.0190660488593,580.0255582502035,5.005205319172362,50.0152611495592,10.011037962777404
35.97806368278615,580.0337527251908,5.001270213244184,50.009199009189544,10.078778157549676
36.0023342642184,580.0135957788882,5.009724322162651,50.01508856092872,9.976841308664634
35.95369615151034,579.9974123218053,5.0016285440809565,50.00288937783185,9.99619146862911
36.00698863584566,579.9644521856758,5.018676387284244,50.022982279429264,10.001348708015492
36.00366319916834,580.050218160926,4.987469673370758,50.00773522286892,10.030343606842669
36.002423339910074,579.9987283344867,5.012039848329626,49.958156206931555,9.98782064579811
36.03600242085273,580.0090179746626,5.008777327340413,50.02442775953536,10.011611822529451
35.996234179532216,580.0051960478443,5.002304844727819,50.009743810132804,10.011698225228049
35.98464902561933,579.9764648725022,4.990668182111157,49.99794795657498,9.997188311529156
36.00500689425337,580.0027632019049,5.015081504201647,50.042694998697684,9.981218717928176
35.96739721647078,579.9876169264512,5.003226976081274,49.974773228680874,10.000993915656345
35.991836930385205,579.9923966884181,4.9431305627549245,49.996212506754794,9.996891578185707
36.057187577578524,580.0073718843718,4.956655137541454,49.99810798900199,10.012883083004061
36.00895594793746,580.0350356397937,4.995319730334586,49.98128709716146,9.986392633851546
35.992660598947054,580.0057335546129,4.952219950486247,49.959587812428694,10.00979282918031
35.97370442682003,580.0474770144133,4.972785551411956,49.98800852647538,10.0137161901913
35.998440984017854,579.9815025225064,4.999345615823047,50.04114315860233,10.0120285614278
36.04349118043889,580.0095207100344,5.019882764294967,50.03650419588787,9.98006449458924
36.007703002799644,580.016335240792,5.006092364978887,50.04382265962917,9.969686616925758
35.99715668479594,580.0011945633789,4.994950616464149,49.95169978348979,9.997275195048868
36.0229406919761,579.9683649768028,5.033839036229038,49.99400004171538,9.970241597359058
36.0507031600935,579.9805446482253,5.040327102338935,49.98000542766873,10.005160850980326
35.99808232766514,580.000266411623,4.98031700900672,49.95009005353623,9.996980352578305
36.03147388723425,580.0081773869048,4.9979686910630035,50.00815051215783,10.019791881862654
35.97912024722784,579.9399268842085,4.988289670954799,49.9850194983543,9.999524115647763
36.03338052418495,580.0052571722023,4.942236653730414,50.002874005260175,10.023762720431138
36.04361348764936,579.9616317482906,4.9964811677537115,50.00081964435197,9.996812181069384
35.98980419993889,580.0161343959909,5.0186848173730185,49.967414669973515,10.032244146570752
36.01265902906938,579.9813637165103,4.955619758713101,50.0027482591884,9.957752153858868
36.00870388099381,580.0159518159903,4.999088799969484,49.98381008560647,9.999297131265587
35.98988257298059,579.9810763253938,5.0106417343859375,50.018806453133564,10.031307987789432
36.0303311189648,580.0526908152666,5.0133722168558785,49.96756131054722,10.039126377172671
36.04412008489038,579.9825439772413,5.0169125901219225,50.011175563214984,10.015928287891503
36.00186991497578,579.9969168726071,5.041219649442568,49.95932512337936,10.021514054563246
35.98537234843186,579.9920699538543,4.964914014117562,50.00044025402082,10.036153362572893
36.03093506315927,580.0283825101653,5.009783683952468,50.00835877451125,9.941071910488096
35.95095800154045,579.9987798049576,4.995820062823848,49.972079146381766,10.010423965210622
35.96648604129988,580.0189900042287,4.979192771509806,49.99133915040915,9.99469816939031
35.98622796142631,579.966742219868,5.0453129685063285,50.01364067078756,9.968443933201817
36.00449614991939,579.9849317151201,4.998758565004271,49.95926723117648,9.997657448125409
36.03163255845378,580.0347224356263,4.950715475187031,49.98055696081041,9.972283613137511
35.98753096400656,579.9955379119092,5.015134227573163,50.00355894383495,9.986075883233926
35.996869370696785,579.9861271855036,5.017855421171398,49.99699736141402,9.992558115491045
36.000691465108666,580.008724376512,4.98711471739195,50.02148482859331,10.02644779362217
35.95454148335147,580.0252909350264,5.027569741430292,49.967192531039025,9.999425858073558
36.00862903989461,579.9909829369137,5.001379925608587,49.985361233178544,9.980900187156855
35.985923646525364,580.004736009488,5.04043478587369,49.96786994768621,10.01271938274395
35.994183881222504,579.9732729122101,4.994877372386243,49.980529738225194,9.956814901904204
35.99259155309712,579.9888599131566,5.02469692833485,49.98496266379709,10.007860253903033
36.01404159889063,580.008346057611,4.957016249029716,50.037062717930915,10.009918770326838
36.02821533067941,580.0044608545198,4.957014107852118,49.9800598967017,9.965621455412279
36.014251409234205,580.0115360422691,4.9430540145057416,50.00066972748535,10.037736851651722
35.93525005255384,580.0193502433461,4.937189741842016,50.018689959954706,9.975492516576388
35.99771768726189,579.9899594184027,5.032525460494849,49.97282771278642,9.967612940178197
36.00434739904971,580.0020001930828,4.964134127645134,49.989415268418476,9.984937897037316
35.988414836368214,579.9740588326835,4.968047306096401,50.034931837011385,10.01947966316951
35.96881451947707,580.0124675098708,5.029266886805014,49.99582203606943,9.976298124435871
36.00820260261271,580.0007280326995,4.988626951453253,49.98200929061931,10.003894759504455
36.02102419053813,579.9882024343226,5.011080729279934,50.00693844576446,9.974507667148599
36.01525630580763,580.0058098217331,5.043658456076012,49.99120077620795,10.010732492825467
36.006009407108294,580.0001117105838,4.965264643646028,49.97987585597576,9.996472730816052
35.98371826402476,580.0130178492562,4.992773023228751,49.99470384888939,9.97106490522129
36.011397384412575,579.9779502501368,5.004308187431609,50.04689856988398,10.01174906952796
36.0230169065559,580.0305271738785,4.990705546103319,49.975231901060575,9.989996660034388
35.98231222594143,580.0063381679474,5.027498266274852,50.000399957522816,9.987591504474864
36.049138944273906,579.9594803733149,4.990855402901774,50.016306079261085,10.010076516851855
36.02634952258804,580.014466001952,5.008157360668177,50.03629975639142,9.98259477532182
35.989151717156965,579.9827150648201,5.026067410115664,49.956661714062676,10.018363042342758
35.94800937681957,580.0396627374969,5.003063733067419,49.99844959280957,10.012772086287343
35.987938689280355,579.9615256207251,4.959000346744426,50.01170515239873,10.04108875957426
35.98728309349148,580.0158966800974,4.998420331000613,50.000183018804414,9.98446319623564
35.97517858824351,580.0297523817306,5.041689315493727,50.00915374773443,10.011717916406038
35.9848369884651,580.0161852255012,5.040952424232112,49.97600804860687,9.999535609763514
36.008569134030466,580.0086135625746,5.02772806800895,50.02339337946378,10.03695655110749
36.01426477996287,579.9604091046479,5.003826119277768,49.979324856351106,10.002597959298916
35.99069350545152,580.0339926188752,5.012319030368602,49.967175496731684,9.990187678672546
35.98784191591411,580.0265465448039,5.028375435471041,49.95800109805112,10.0196447963949
35.99706223303116,579.9676142240753,5.062391947886766,50.02161706133931,9.978371469192684
35.971245028798464,579.9914621169079,5.023060718507899,50.00069366521423,10.028807169648339
35.964966861083404,580.0111935305379,5.010308590431978,49.98896869150296,9.984794242933216
35.99382588392967,580.039566127229,5.054320306632408,50.01542132244305,9.944816372036914
35.96275572027021,579.9966198092299,4.956277334734945,50.02608802401202,10.031485276389112
36.02170834517538,580.0130498968019,5.0002984747405925,49.9915254165115,9.970742685186128
36.02385491260211,579.9907165803123,4.981993000818992,50.03430204329406,10.032194085189227
35.9887818791426,579.9647263055459,5.036760477475986,50.028463726087054,10.010999178978713
36.00192177684861,580.0062111633729,5.015424960284997,49.98803246031074,9.98176422834035
36.0117488297652,580.019359721522,4.976013114510016,50.01187042121382,10.046927163912567
35.98171987469937,579.9865944792198,4.997240524643662,49.974406636603696,9.975418276514514
36.02258207157881,579.9922910501798,5.012977707500626,50.02553920403881,10.039161984910674
35.956529623553635,580.0092861041841,5.066002532148738,50.0246335280041,10.010527829849392
35.98327202027401,580.0081887415072,5.040149885160765,49.99308083086873,9.936822690510702
35.99959418098041,579.9845325644227,4.9956925384125705,50.014487765415986,10.022071537102855
36.00586682731711,580.011250685591,4.987042471636834,49.9600063417295,10.025663033666495
35.98963159833916,580.0145173188828,4.975829296477037,50.004597751909685,10.012115682414674
35.968680761410226,579.9681287559425,4.966812886162892,49.99295222731922,10.000530238275209
35.96446083165662,579.9970754998717,4.993202893908518,50.01370297147442,10.011432370266109
35.98115299550015,579.9995969581416,5.025117443566904,50.002755775406534,9.980473950350493
35.975315268743536,580.0007121109054,5.007873768576102,49.9965092634139,10.040399680991662
35.95923566507549,580.0112791246036,5.008978666937095,49.98402729335391,9.963182211197363
35.97494115737458,579.9835559374285,4.977511712084863,50.033207718554245,10.008165282517773
36.01215907439347,580.0179096497358,4.983787248244161,49.97037838831502,10.02081770063746
36.01318819500294,580.0201894570125,5.008202764480245,50.02374186169742,9.973469066371676
35.99491525870343,580.026413783407,4.94410551680138,50.043357390459214,9.995145903416258
35.98310696167542,579.986415323923,4.990309484019555,49.9845924874607,10.000403485843787
36.00307084518758,580.0135496458923,4.9954781028500275,50.008980473485096,10.017979274257058
35.99420822563981,579.9622441647574,4.972962976651965,49.98798716050218,10.00615988466486
36.009070579737404,579.9948037300462,5.011078903847059,50.02726141198949,9.966358110291573
35.99202966911885,580.009949138963,5.002011743443911,50.03174256428515,10.00517694889241
35.98715601108434,579.9897591498902,4.996426548642099,50.02465254230536,10.025618215307802
35.9712205691157,579.9761667090636,5.0084713873836355,49.95585095508356,10.011327686815985
35.993061839880454,579.9740191021764,5.052397263161686,50.00854188687839,10.005982531892487
35.966405904473916,580.0306110125505,4.988451430654621,49.99571119679948,10.021508119534733
35.98104797866239,579.9846631136902,4.990048432442957,49.94276988410414,9.987496714123603
36.023862316062385,579.9775964834557,5.045410702432831,50.01164053936255,9.966588383500982
36.00304556102109,580.0258607904651,4.990123361090129,49.981690045676494,10.021589060886221
36.021380236521644,580.0195690937938,5.007704373947792,50.02821591936254,9.977616341870132
35.988836988309366,579.967084391693,4.999968464469589,50.03482891361663,9.985954917841259
35.97027934612107,580.0480368438919,5.047915572176198,49.993122079431394,9.982345197755032
35.98834574120628,579.9416796084449,5.018234196785185,50.00986264954149,9.985168828453883
36.046372528991874,580.030960360449,4.960015836419555,49.98618701418151,9.978935821929875
36.0120553187653,579.9844213189748,5.005127931234174,50.0267851076288,9.99393065334186
35.95564953610921,579.9895660613438,5.001898700752118,50.018312760029936,9.993467147963747
35.95798824855978,580.0050811402734,5.023159220631866,49.99731109491042,9.993190896304899
36.01285694938732,579.9787359548325,4.9918209177130715,49.972095728250736,10.009660330734215
35.980249498338836,579.9908873073625,4.978333672370056,50.00167915905357,9.972361787187165
35.99706656869086,580.0218013119154,4.979089658713269,49.98676238205906,9.976431937556372
36.01522711698169,580.0688616677454,4.964104994813717,50.028970539889734,9.99010142266432
36.0129439457751,580.0280387666917,5.00386502444143,49.97674238591281,9.976186975532281
36.004801031314976,580.0041483514425,5.009800190256558,49.98883793647751,10.001930202150131
36.018461596748914,579.9472445193592,5.014681654804147,50.041120540317756,9.975255627238674
35.96647306635884,580.0010287364062,5.050908645483625,50.01995988052309,10.025022866999203
36.04997044752545,580.0194867741225,5.013597969662678,50.02340666327589,9.96381382877573
36.04008448728487,579.9770404784615,4.986217317753723,49.98154853972348,9.99841207208305
35.98688771137477,579.989774399245,5.020994009527255,50.0013729472679,10.02924198622194
36.007152282682995,579.9750031500215,5.003448499688619,49.97635091047983,10.008852196355258
35.996557926546494,579.9514343715252,5.006741928800192,50.047347862149834,10.000001798991914
36.00629710663169,579.9579173164965,5.007590546468281,50.0032746763147,9.995302184831482
35.983085223279815,579.9474915948583,5.016679119819361,50.02333054427858,9.996747185800789
35.968612288639044,580.000071182669,4.979916207203261,49.99734586156528,10.045305882564334
35.95779219639977,579.9664299763833,4.984039955256245,49.99618036343193,9.993795323685921
36.04352616024891,579.9985754536423,5.023541365008228,49.991855167178606,10.00821574016887
35.97147447349233,579.9748978238188,4.989970635214684,50.02559487862154,9.994099316309594
36.00367881252098,580.0064718856187,4.995191721161126,49.9669961298212,9.99484225247378
35.97396676707975,580.0224955045736,4.973250338951019,50.01462200225141,10.032801564940298
35.98853114969873,579.9770867674916,5.034243768315859,49.98500442560052,10.004769799172697
36.00666360870484,579.9685065360804,5.0017198282075785,50.021285429640976,10.022714977184869
36.013480046598666,579.9985758468646,5.0075098181414,50.04665589525583,9.96685136449153
35.97473119959867,579.9589583617194,4.998400078197269,50.04700763579103,10.034225193099243
36.04075147442548,580.0065387553531,4.998917647233119,50.01144895167518,10.040967992725546
36.00061667173699,579.9990447592651,5.006829000947597,50.013365415686366,10.052245659099535
35.97913651005147,580.0124382419415,4.997835300861017,50.014128118568365,9.99512699490653
35.998982854303975,579.9605648809802,4.980200817832831,49.999166619889124,9.984165245722037
35.96463865498078,579.992383907744,4.952125734746795,50.022143001814285,10.004408175784008
36.0156906138489,580.0025033022768,4.978147333621542,49.99363733142529,9.999689485219916
36.03146448478263,579.9652831120187,4.968579871371148,50.02048013030137,10.008388637266085
35.993113240069,579.9892844900671,5.059311954819777,49.93329166709236,9.966319794818846
36.01964932356057,579.9659930999783,5.002596119041438,50.02213729963287,10.003664202331661
36.004014641570514,579.9863891585012,4.987490678675091,50.00759606247057,10.040727777375766
35.99441311188273,580.0470395787686,5.014672820394511,49.981389819409706,9.999461618284814
35.997676028157265,580.0482178737939,4.995418547732862,50.02070669246445,10.026847505241903
36.01974440915878,579.9828490966573,5.063702923918899,49.9929544641116,10.005603202070628
36.01940100070502,579.9738636828553,4.964208396970532,49.98366980711451,10.018883377809502
36.026794305011855,580.0317067037033,4.982922117057197,49.98687455972774,9.977953279161996
35.97599015048565,580.0313679944888,5.0084741175541145,50.0122518747417,9.992561721670103
36.05643148225196,580.0122177859407,5.027252200076068,49.98190124842721,9.985719162137551
35.979715251762656,580.0188127560291,5.009005092321717,49.959392193839825,10.003640490396483
35.99187406650253,580.0017739578594,5.036277210802863,49.99797162094309,9.989622373659447
35.959741351926255,579.9900162759161,5.008936351547335,50.01800999117215,9.994394620779808
35.95923084823754,580.0264955710617,5.002446497602752,49.9599736248239,10.044580717545873
35.962452584727835,579.9807690365502,5.031242400624049,50.04624041581515,10.04323046550173
36.057488297099546,579.9922062583178,5.051670550348416,50.00883778545569,9.991143627718213
35.95553970028774,580.0555598371969,4.983261001627619,50.01322388502437,10.022698158508074
35.9962455976017,580.0095836809556,4.997913556456133,49.97954069153735,10.011548419070674
35.99414179180542,580.0327516755724,4.987139440290805,49.99829591293157,10.009593864514736
36.040064280716564,580.0509558114027,4.9991977731123125,50.01369809023038,9.968747193426196
36.011169124874456,580.0220293411206,4.990503153671641,50.012540312407154,9.991109678497866
35.974853629109056,580.0150221535728,5.012790751325119,49.99374230662458,9.996078162663663
35.99691441534258,579.969437210114,4.994086405925037,49.97980994453448,10.008587615717595
36.005992077355295,580.0200255684205,4.993144665016015,50.00229224608798,9.997929338813565
36.01534673743083,580.0061060395569,5.010405839339826,50.01730258294077,10.035705684624698
36.01192391833708,579.9535998072496,5.049467259809519,50.006860570836714,9.992601377754712
35.99560427588666,579.9975543199522,4.981807919508844,50.00613235004454,10.019184876421471
35.97863770763661,579.9717395341339,4.972356699463153,49.9849675593808,9.980202827797575
36.017760320151694,580.0045709557952,5.0017896823183055,49.9912880978899,9.979130722943733
35.98829419381886,580.0391720309382,4.984291732160699,49.97436175731426,10.006057825778907
36.02917653742665,580.0191150389072,5.02029731888249,49.97676583848702,10.0246261221714
36.01151531600435,579.9944464237122,5.001623723164491,49.98354938923435,10.016105395546687
36.00393851086622,579.9900709252676,5.004799369669666,50.00133328520333,9.972866877383508
36.00786929055417,579.9922276337591,4.9784855479340555,49.96935751067263,9.979950305292663
35.97081859223228,579.9979912223441,5.0424817076420805,49.95255161889646,10.013356389456451
35.99623137616862,580.0738105809456,5.04809915594154,50.029529740533086,10.012661120948795
36.01029359587913,579.9795642546404,5.039855416032105,50.00301450102353,9.990177950030565
35.98426269439711,580.0174196038662,4.975535021830224,50.008901027907775,10.033314843367076
36.02992004289784,579.9873542407979,4.957403560950173,49.95217327796334,9.984117043047242
36.00068933468854,579.9919293973562,5.002006161585552,50.03128735495661,10.055089857968225
36.00720092585816,580.0108098474342,4.98621953993012,50.008334708276905,9.978801334748942
35.98557251418469,579.9793266232183,5.044002048660386,49.99443566345185,9.95807642581605
35.999484844070444,580.0042217909916,5.025399882501274,50.03337953828874,10.010544884891972
36.045332566798855,580.0261351826102,4.9915502524342426,49.99899665731754,9.987937532889903
35.97414929580425,579.9813999874208,4.9507881330380785,49.986493386570714,9.973426480776435
35.9469064962558,579.9710589723301,5.010008598036866,49.996103524667014,9.955716584940063
36.017200962567976,580.009612962297,5.007783571592021,49.97633018362544,10.017909004364373
35.98800196133241,579.9728823263554,5.043537385095474,49.98794336579196,10.00316638955499
36.031992047392826,580.0055320479647,4.9621217329651595,50.02021358378606,10.044163924369633
36.045485589047225,579.9630034451567,5.004731086290211,50.0143533500909,10.002936661215134
35.97620917012958,579.9919667533618,4.963832050481867,49.931984631504385,9.970044863259657
35.99616050355457,580.0081443469587,4.991111004979646,50.01745367692089,9.959992756345219
35.98025855148367,580.0163926901654,4.993190097527711,50.029501549869146,9.994266254741792
36.05818335274052,579.9912486332524,4.9716057354052365,49.959169820371464,10.039892713040093
35.986816588298794,579.9886580432781,5.019702107764621,50.005983783239756,9.950651649116384
35.99837744261623,579.9810226489648,4.990645224044578,50.03086193136016,9.959901915162552
36.02054479670887,579.9943926771268,4.990990161059206,50.011527828046404,10.04934346120301
35.970499258750024,580.0107643070373,5.001888695930867,50.015127183522935,9.998868207705938
36.00529748114329,579.9976287733483,5.000488289288223,49.98434702780021,10.015696436169565
36.012156572442706,580.0245401194984,4.996147840192689,50.00152003331144,10.039118888957361
35.99361214720081,580.0157385414113,4.954024250304945,50.010778603365196,9.995000361080628
36.02008548261361,580.0152793741297,5.017632207456785,49.95116749702209,9.999518002546433
35.97906567105007,580.0027346363789,4.968145436676843,50.006814657018715,9.980421103692926
36.008835003031884,579.9836990690151,4.990619656745252,49.97910946696591,10.018903699922268
36.00637420996031,579.9639152839784,5.0642945053683555,50.020628367298144,9.966217285364408
35.98533694594152,579.9955348206158,5.0304931034396265,50.00044436486444,9.98995922040523
36.016030836469234,579.9931657365188,4.9895309876205,50.03652849675442,9.971612052264192
35.99701881207643,580.0282537481629,5.000992907677183,50.004939694701335,10.0390345589801
35.98401654494905,579.9590946339528,4.989553046015711,49.98088649094776,10.001179143647994
36.01375136547153,579.9895437909902,5.01862477467511,49.979291860668056,10.011043561567332
35.966606428722656,579.9948826345664,4.992600034447754,50.01997370387216,10.033899625887042
35.98042758429441,579.9554920874327,4.952372515243068,50.01639436109688,10.013515768472402
35.96707173796852,579.9857383356673,4.976499962930265,50.01363303603331,10.010503203825177
36.00187999738234,579.9888806147546,4.98970415540662,50.005565768604015,10.02226709949365
36.02815740583447,579.9475336571576,4.983201208477535,50.026343997205075,10.062960839542962
36.043424529595875,580.006959180019,5.000174538061901,49.995845569814584,9.989633320051407
35.96972054245725,579.9841920717612,4.988896599631763,50.004312697801986,9.962737836661653
36.019311043864995,579.9820690175666,4.996764089786957,49.96724537582885,10.018110292807208
35.995257739647,580.0459476584363,5.040078594141938,50.03123023176902,9.989422661917065
35.99554867498553,580.0122649756361,4.994227417018866,50.00050779988581,9.994163624725799
36.046035812948695,579.9654792448406,5.010286723367732,49.98748922498644,9.985182037521483
35.98804554137855,579.9573817168501,4.987025838512184,50.01721912187521,9.986660637046995
35.95553996399005,579.9475808974825,5.021503559835787,50.02398086054481,10.002627260844243
36.0029775686464,580.0177514792315,4.970462329196528,49.991243071501664,10.010841411335294
35.94345669350427,580.0403063668117,4.99863009364574,49.95754604385112,9.972255229275214
35.99436900025955,579.9443279088889,4.991741880526336,50.00095367655504,10.001259446373416
35.957958668371454,580.0052024592861,5.029595372637435,49.97805017132884,10.002070076176334
36.028418890740426,579.9953290180987,5.00768021825859,49.94032570738187,10.009229259771802
36.00396039674521,580.0049898868634,4.967134104743766,50.017487949197346,9.996124054085634
36.00975971461338,579.9608679311516,4.966173439839272,50.00513384457762,9.99652748317747
36.038791026682254,579.9370286038996,5.033484769841142,50.016553552366986,9.994507684283173
36.00478208835854,580.0292679281938,4.950477864719369,49.97257021991479,9.999240336306796
35.99735227308265,580.0132315444253,5.050776850749725,50.010054450689914,10.010388182447633
36.00751528163465,580.0159908538542,4.997024448967751,50.00852235873911,10.000466954800341
35.98191292117414,580.0026167754017,4.984385071184032,49.95579610437244,10.073594678159992
36.00497966173764,579.9676334036377,4.963026386425794,49.906723077196034,9.971117774811876
36.00498298914351,580.0097741951928,5.0390816839057635,50.02226712549625,10.021642949397467
35.96764696138883,579.999745377366,5.025792099916454,50.03185182698751,9.996524734408478
35.99442210960036,579.9769443329079,5.053441808880482,49.96757226466529,10.03379879986776
36.032401675566646,579.9944144930023,4.978581686927242,49.996849021562234,9.983931807709817
36.00280444468571,579.9228332750392,5.024855866200426,50.00953421768813,9.944228437629993
36.010213386146155,580.0020516546575,5.0079305385296164,50.017476254837824,9.985287447845355
36.00953033765548,579.9750948089443,4.977692031132804,49.97699242958141,10.014939731403889
35.974164792566434,580.015502416167,5.009401286314605,50.0064275699355,10.000176984408045
35.98272337008836,579.9894522943952,5.0296038446394125,50.01274084620544,9.977868850262627
35.9906855775213,580.0228968011904,5.010722536252219,49.979148986925,10.02047513972631
35.97850557116756,579.9766439300181,5.036056622660718,49.9987207133149,9.964858369553285
35.974454290237226,580.0323796934614,4.957911403551193,50.002392722302474,10.001234442411741
35.985986278896185,580.0176352930365,5.013668767736153,50.00633799465592,10.00732472917107
35.990304415057366,580.0305376687267,5.028661227348409,49.991312180555056,10.00154371759439
35.96530671908403,579.9875467095386,4.964980041021133,49.999885965454915,10.013387756460363
35.99382928108997,580.0052546102221,5.020495098555785,50.017322343540556,9.991635131500782
36.002029839316386,580.000311422617,4.9889171715356415,49.947488885752634,10.017128320587995
35.94764748981221,579.9721436860134,5.053446165375406,50.02035523386993,9.950549077492528
36.03358567009501,580.0215396782298,4.965236535105576,49.967683278551384,9.946266000736632
36.027164177862595,580.0155308625262,5.012266230369341,49.99526703482838,10.018782054768364
36.04070470835155,579.9976718836507,5.006942287128301,50.05088817979545,9.98358654581139
36.016427762937106,579.9801951275177,4.987078127231079,49.996176397545845,9.991830803156281
35.99762682532207,580.0004251839734,4.95460872478863,49.97506845649115,10.023706790257995
36.03111366603555,580.0364057229315,4.996341416628817,50.01654205056881,10.008475916934838
36.01875446668181,579.962272471154,5.0305980775681505,50.026429196861685,9.980438400741203
36.0149952933253,580.0382098851474,5.016025587013606,50.01168274780702,9.988275369376066
36.00334450856238,580.0077017559062,5.032412848524715,50.01242668231393,9.96046923394729
35.97625467245191,579.9672562450356,4.975681253551732,50.00623854115335,10.0069893098083
36.033626077444445,579.9824750393452,4.98031185025627,49.98240718203481,10.01761322707473
36.003765568300274,579.9960590890436,4.99404147957878,49.97948898993998,9.968402965336509
35.96371458130438,580.031716371653,4.990232646362729,50.065007382259346,9.982367278099332
36.01802330521239,580.0064562210877,5.055723084339374,50.0347566844045,9.993825923635802
36.020867081095524,580.0494919693913,4.983264709202216,49.99318703580369,10.051658560148459
36.00015324430468,580.0227531121882,4.989815222308269,50.00009329942319,9.981338841048805
36.04214065566883,580.0331331938263,4.997923371685288,49.988892595119395,9.977015872711002
35.961331408312155,579.97113451808,4.945723181742525,49.99261866901733,10.063364299949972
35.97716894996971,579.9897691567267,5.051060698259584,49.968613339041816,9.970132186169906
35.9544507756816,579.9962039858341,4.985962969346636,50.02104611964363,10.00138642687926
35.961992820505415,580.0178700243914,4.959631844273225,49.992218222349564,10.026291667845026
36.020308324129246,579.9937773018065,4.9952218389074305,49.99310374668606,9.990280416806057
36.00801906649227,580.0024007296446,5.015482643019518,49.99886153630587,10.005836496172792
35.993319871093554,579.9779378722698,4.999033668546086,50.04415600468185,9.97905437106328
36.00359432655722,580.0157120926779,4.970976235601298,49.979470711972496,10.026793051045006
36.00436638417883,579.9606347631436,5.0158079458128375,50.041072540207054,10.00602197395544
36.00048956009748,580.0066900365366,5.007912560038327,49.941108677091634,10.00369505316699
35.99728326121163,579.9895534561401,5.017444166115697,49.96453928542058,10.01600856249512
36.02241294120669,580.0142893314578,4.980055945736926,50.01651462445757,9.97721796469783
35.972763297859515,580.0015891844713,4.976817043359246,50.01357604087375,9.988194244794695
35.98722850118057,580.0098433473014,4.965457885433261,49.972458164645204,9.982343739064328
35.99202283643115,580.0056686854413,4.980728650084352,49.97466915526937,10.036175075121553
36.00953103931891,580.0037225609093,5.009174642185279,49.98253629876638,10.019651957907543
36.00788976744475,580.0180358093608,5.03549010295146,49.9648510191229,10.025124994324257
36.004538471605734,579.9769488382304,5.011952593061596,50.00696171814782,10.030819726579779
35.99434290427092,579.9959830927239,5.0247744554429135,49.987142271192766,10.03272637852949
35.97728131676353,580.0303416458328,4.979818047688168,49.998663485710836,10.052592794640336
36.00556619627051,579.9654846403226,5.018471384367877,49.99003588878897,9.969907226336721
36.01925970520278,580.0085024357817,5.017570265823495,49.990596941174765,10.04242001320246
35.98888370898828,579.9650337951842,4.988542093848957,49.99943013667855,9.944783726201212
35.98393408801601,579.981866944241,5.018172815790242,50.00880020227548,9.981159271872336
35.954222651254426,580.0056479203489,4.997248791941511,50.008295364716744,9.993752000234116
35.97131441093517,580.0027214043106,4.991498454281784,50.02694510249545,10.01868151298643
35.99783793615613,579.9896343036777,4.960618049061022,50.03781578920896,10.005535815510616
36.01635637071401,579.9461254131369,5.014963003414909,49.96882249304416,10.000887224810397
35.96150193329795,579.9747363362001,4.989838067252885,50.03183696735966,10.000299456901207
35.99337877872109,579.991512425504,4.988031507370636,49.9435197501275,9.991212927617946
35.9895682535705,579.9750759937979,4.984426535357289,49.999469922761584,10.01423598649293
36.0421432315321,579.970765841791,5.0257139405346285,50.02027666320774,9.969142422440422
35.996824852782225,580.0033956369388,4.969769211264653,50.01901810927643,9.994713721877426
36.006377551272934,579.9815761813991,5.007297202306621,50.00963694830305,10.042213097040932
36.01414863718001,579.9824231712796,5.0102868121252655,50.02629665852331,10.005933914273749
36.01308951660832,580.004379469171,5.017875986652775,49.98395290454243,10.021857203572104
35.999162982311034,579.9707968642573,4.998400274644164,50.02709998619878,9.999153580950344
35.99126104606049,580.0051463462282,5.0465223046668575,50.001661675630814,9.998649776686742
35.99508324627182,580.0008222462264,4.9995731499980085,50.01135140700716,9.974783980187503
36.02476005194853,580.0006168069464,5.062071035953544,50.02783816870696,9.955244197150819
36.02395537851659,580.0019167071484,5.0181253333747575,49.979970291249195,9.982669748854368
36.03666451220002,579.9691466122163,5.042592449106708,50.00552129817735,10.022871180831833
36.00143258626439,580.0030905428686,4.979772412548369,50.01613382390247,9.976096886347468
36.03552549727416,579.9793042469197,4.9766250763806,49.98774979476627,9.987969337398068
35.98671434276507,579.9804144293901,4.97702366733737,50.00031003035894,9.96326410091528
36.018586639911966,580.026386539431,5.000909839282053,49.965250262018486,9.980414236153754
36.023142818186535,579.9775462483011,5.003101921402836,50.021098874939234,10.009644532094994
36.036409345625316,580.0142603623341,5.00502121727419,49.974107955650325,9.975468945764451
35.97888253340978,580.0157737320277,4.980652293252945,50.007661026701946,9.985829537595977
35.97537116099915,580.0097595514657,5.018084470269169,50.02857747226134,9.979207339155185
35.98941797813435,580.0027316166316,5.0178977860485245,50.00672422792636,9.983689852054823
36.02050677998818,580.0386720056392,4.962757282277684,50.01400353348025,10.01483394031218
36.03222234206849,580.0825007606327,5.0210960846446815,49.987763822828335,10.034842155332994
35.96498458621209,579.9791065716845,5.038590880810186,50.01689054796926,9.997989408253812
36.02740905533739,579.9560468382157,4.985447849434406,49.9523521604704,9.971173564366062
35.987531175549385,580.0210513213718,5.023480219113774,50.00120605104315,10.034497937061087
36.01584427087364,580.032311304391,5.01704611040321,49.99734834301009,9.999190690097835
36.05381912169596,580.0272298962336,5.000660586616756,50.01509758239359,10.028555940796206
36.02173736799827,579.9775131927131,4.997601026436076,49.96044571829084,9.993195714248717
36.014363701800484,579.9873763838751,5.025071471924787,50.05626782673163,10.03283987182631
35.972170644364425,579.9839963622012,5.019250697873577,50.01336834966199,9.970073560841318
35.998290300993204,579.9893657085819,4.9857546243633974,49.967714321955114,10.014499996845247
35.96101174297421,579.9548546194582,5.000403788712057,50.03994610518671,9.975248193025525
35.98749288375131,579.9784977219064,5.038275064187867,49.96027470948347,10.03846072119856
35.96450548878225,579.9958996567732,5.015858870830137,49.977429124255615,9.98444626360874
35.98414532629984,579.9557505131994,5.0033043583729935,50.03908121923642,10.001118652542646
36.00348604427593,580.0066870264455,4.972219492863632,50.0066361973241,10.009683664125388
36.01844265285413,579.973870443848,5.0366084338169665,49.962763607017095,9.991514706639965
35.961115940800646,580.0050761211348,5.021540832460483,50.00046203735865,9.985243373900591
36.0269509645985,580.0339522057038,4.998239479214313,50.03806874970207,10.001509917243483
35.97458347358044,579.9850191918758,4.931273015437669,50.00301835724335,10.020967733090973
35.98364381681408,580.0282046192042,5.029854840612086,50.012012740146034,9.999706532766812
36.00982778861317,579.9724174231272,5.000075493372151,49.96849169908036,9.965113284417043
36.00146209614118,579.9618063209464,4.981587437815073,49.973385852954266,9.949391353950318
36.009527115050695,580.024803887989,4.982988951919224,49.99049029294718,10.022950465153087
36.03068230008892,580.0339291437566,5.026763372608028,50.026826751061854,10.001592369388302
36.00933633687076,580.0441398193325,4.9792779165089085,50.009907705251386,10.001721393840658
36.01509370833908,579.9863363337731,4.987959930290488,49.99718452590134,9.995214743139433
35.9948441435264,579.9715838198163,5.0187467339416445,50.009235793024075,9.981559169267994
35.9656665484628,579.98264870926,4.995121500159932,49.96518964137632,10.01929060850941
35.97873771471321,579.9646042302014,4.967025652690156,50.04899020384338,9.978725463668288
35.99280289176649,580.042607349367,4.997669688003735,50.03003886533435,9.957379348750376
35.97463988279278,579.9831040025077,5.045254870384625,49.97539118091145,10.01561302795923
35.96180925665118,580.0027027166302,5.000655225302148,49.99196235250871,10.032021042764457
36.01015969943029,579.9866427219704,4.97099233586058,50.01494158246545,10.031430321379004
36.013405691106016,580.0084197678218,4.983237138225327,49.996447288457944,10.020698644368714
36.020148130456256,579.9646619935668,4.993310411895321,50.00165921448592,10.005513709917448
36.04270142013926,579.9848916757952,4.999776451595608,50.04129837576117,10.036067138136668
35.981346937866086,579.9616035078274,4.93748249295865,50.04260595293622,10.013551112154673
36.048016482315774,580.0064772522767,5.0207235018171685,49.9920120861489,10.023850533099615
36.00947027437307,580.0100065770556,5.071606928957135,49.98319681307685,9.995699108853337
35.99915136271053,579.9881688805109,4.993858913065962,49.97848109873674,9.997680900748104
36.00974084503416,580.0341972155512,5.011232665997313,49.99292852329418,9.969295156579385
35.98179636980491,579.9971656381715,4.991386693742551,49.95176034456646,9.93382759442931
35.987885698942115,580.0300050632758,5.00777575325826,50.028353711268,9.985620051155031
36.04547253332397,580.059048996405,5.024130698040156,49.93029191239353,10.0188593251435
35.99213919436638,579.997790893291,5.022509150202735,50.02709645349166,9.96792408003302
36.02710306102999,580.023725383032,4.977349855486642,50.003146430900856,10.003559376905947
36.00911353156693,580.0202370318193,5.004833335110511,50.0481682628619,10.011075249193912
35.99876939283051,580.0220815840789,4.991775910588918,50.02264430131304,10.051418989610815
36.007399084779934,580.0446164325265,5.021137098092632,49.98929357533442,10.032427454248275
35.96143234168719,579.9951957555338,4.982311920349116,49.982596672148716,10.042290398066138
36.028014100151715,579.9864304196803,4.979212380300054,50.00461852463344,10.002164530367295
36.047202969231115,580.0120536366089,5.029058957351044,49.986127953496656,9.99708080190583
35.96745881301443,580.0135613657781,4.982950163269901,50.02281267262345,9.958989221210464
36.022282146007115,580.0235277329945,4.982019481050732,50.01885503829993,9.97409223861888
35.980698796762844,580.0626360380518,5.0328366174366845,49.9884147549123,9.991394335144465
36.01766367772909,579.9889954064388,4.981908172718404,49.97705633699458,10.04338802654135
35.94211089095749,580.0064201629066,5.024819995906522,50.0256470672592,9.984625085280499
36.0097059218045,580.0284026482974,5.012116431717165,49.99425374250972,10.025330555465473
36.03668286476717,580.0150470285089,4.940586400803298,49.97156674326169,9.978855935440432
35.976317487454395,579.9810571829643,4.980297608455034,49.96444511444312,9.975464063876462
36.006734487919104,579.981437320447,4.992859811510868,49.995405186125744,9.97366186305556
35.99317337876853,580.051756862303,4.979072616645263,50.02658596685068,9.982124633430177
36.04061517466021,579.9791066931588,4.93076559417118,50.011147604701954,10.006201340615196
35.979784456874114,579.9739208515672,4.965181902495789,50.045732070224204,10.030798902598779
35.99978822595296,580.0142706552979,4.970926583465965,50.03721718866261,9.988378678240222
36.023914116192664,580.0581249401463,5.019780700215075,50.00463118658815,9.956432473750542
35.993983083580424,579.9712690953121,5.006686408696969,50.006692129069,10.05602332632731
35.97562016220942,580.0099720952046,5.013382249871279,49.99729424978805,10.013760263483432
36.01212558706508,579.9931690793524,5.0116261518981,49.94807943008187,10.019814634053958
36.06062409045781,579.9774781287128,5.015415714548791,49.979431903912804,9.960394850375122
35.990108779771404,579.9964991179916,4.994513964050698,50.00032448296009,10.007432594572231
36.050227877089654,579.9838580309139,5.037512390481992,49.99581024870625,9.99306917834028
36.022299627513135,580.0051564910165,5.012772873850645,50.019909979299086,10.021725875600787
36.01367962605952,579.986434703451,5.0058826346780885,50.032339483207195,10.001658967581895
35.98985715284232,580.0168913440942,4.996668704467468,50.03538338822824,10.048095711761528
36.04133239017697,579.9790602890808,4.9909451797202715,49.93856649455143,10.00521096569134
36.00840649315571,580.0079786528529,4.975586274478348,49.98564569200409,9.982808851445007
35.99922713665251,579.995085047417,4.979330376077058,49.94679329216358,10.009465953497662
36.01726070924527,579.970974586313,4.976419151563597,49.988082924440185,9.942543901679738
36.009940937874525,580.0144443339324,4.932217254555201,49.97218483568188,9.985598529734514
35.98629383443583,580.003375173142,5.031623686622434,50.05378110892887,9.959173822981656
36.03657481417746,579.9960158517531,5.032240865020521,49.96054742557526,10.019848998069428
35.99301767202772,579.9936924213323,5.038185172828212,49.96911994068178,9.996356598326173
35.99703233111721,580.0304569271888,5.002276891470636,49.99085779810827,9.989423536905482
36.00437765198246,580.0027494567256,4.99813213420002,50.00452959118242,10.026543153289404
36.05332516766437,579.9978654859149,4.989595689815292,49.98989991259818,10.072729755800543
36.013681835701504,579.9973716190755,5.058368470274115,50.005087709828544,9.971942060772898
